year,month,res.price,res.sales.adj,com.price,com.sales.adj,EMXP,MXSD,TPCP,TSNW,EMXT,EMNT,MMXT,MMNT,MNTM,DT90,DX32,DT00,DT32,DP01,DP05,DP10,MDPT,VISIB,WDSP,MWSPD,GUST,HTDD,CLDD,LABOR,EMP,UNEMP,UNEMPRATE,PCINCOME,GSP
,,cents/KWHr,GWHr,cents/KWHr,GWHr,mm,mm,mm,mm,,,,,,days,days,days,days,days,days,days,,km,m/s,m/s,m/s,,,,,,%,USD,million USD
1990,1,7.68,9204.26,6.74,5629.84,34.69,0,91.280,0,29.34,6.33,25.16,14.51,19.83,0.00,0,0,0.00,5.00,2.40,1.53,11.27,12.66,2.99,5.59,8.55,223.42,29.99,6382604,6016520,366084,5.70,29590.85,418825
1990,2,7.84,6760.42,6.67,5779.63,35.26,0,68.913,0,29.97,6.77,26.11,14.18,20.15,0.00,0,0,0.13,3.80,1.73,0.67,12.66,13.27,3.77,6.51,9.48,122.38,49.82,6410600,6041547,369053,5.80,29590.85,418825
1990,3,7.79,6375.71,6.65,5727.16,39.91,0,81.813,0,32.27,7.61,27.21,15.39,21.30,1.07,0,0,0.00,4.53,2.27,0.73,12.69,13.91,3.52,6.15,9.17,96.97,49.27,6433214,6061089,372125,5.80,29590.85,418825
1990,4,7.90,6356.13,6.73,5835.49,36.80,0,92.873,0,34.67,14.77,30.73,20.02,25.37,9.60,0,0,0.00,5.07,2.20,1.13,13.68,13.46,3.41,6.05,8.94,51.11,83.56,6449388,6073585,375803,5.80,29590.85,418825
1990,5,7.83,7481.00,6.67,6393.53,48.07,0,154.980,0,35.83,17.53,32.75,22.13,27.42,20.40,0,0,0.00,7.27,4.20,2.27,17.96,13.38,3.33,5.90,8.83,3.64,254.15,6460750,6080536,380214,5.90,29590.85,418825
1990,6,7.71,9534.48,6.6,6922.67,49.66,0,166.173,0,36.31,20.53,33.07,23.01,28.04,22.80,0,0,0.00,9.60,4.27,1.67,20.05,12.90,2.54,5.51,8.98,0.00,344.62,6469062,6083392,385670,6.00,29590.85,418825
1990,7,7.70,10304.87,6.59,7044.78,41.91,0,144.060,0,36.11,20.32,33.59,22.96,28.28,26.40,0,0,0.00,9.33,3.60,1.53,21.16,13.35,2.64,5.73,9.57,0.00,381.77,6477033,6084167,392866,6.10,29590.85,418825
1990,8,7.70,10824.75,6.57,7253.45,38.67,0,109.060,0,35.37,16.21,32.47,21.92,27.20,19.13,0,0,0.00,6.53,2.73,1.20,21.35,12.25,2.13,5.30,9.12,0.00,389.41,6485459,6083808,401651,6.20,29590.85,418825
1990,9,7.69,10527.10,6.61,7037.86,44.94,0,114.627,0,33.31,8.31,29.51,19.15,24.34,5.93,0,0,0.00,6.27,2.67,1.60,19.73,12.81,2.55,5.20,8.32,2.02,336.66,6492799,6081382,411417,6.30,29590.85,418825
1990,10,7.76,9707.97,6.65,6973.15,20.65,0,34.553,0,29.89,7.07,26.11,13.98,20.03,0.07,0,0,0.07,3.13,0.73,0.33,17.09,13.65,3.14,5.63,8.74,41.99,220.38,6497505,6075768,421737,6.50,29590.85,418825
1990,11,7.89,7593.31,6.71,6386.17,18.13,0,35.673,0,28.92,3.45,24.36,12.77,18.57,0.00,0,0,1.27,3.47,0.73,0.20,13.22,13.95,3.00,5.40,8.22,105.94,60.23,6500099,6068300,431799,6.60,29590.85,418825
1990,12,7.96,6913.65,6.82,5926.30,63.03,0,198.067,0,28.91,3.56,22.63,13.00,17.83,0.00,0,0,1.20,8.07,4.07,2.60,12.65,13.26,2.98,5.29,8.40,192.46,40.24,6501640,6060234,441406,6.80,29590.85,418825
1991,1,8.18,7278.99,6.99,5849.44,18.67,0,40.353,0,29.14,-0.36,22.99,11.77,17.37,0.00,0,0,1.27,3.20,1.13,0.33,12.34,12.24,3.06,5.52,8.60,231.14,37.19,6503384,6052024,451360,6.90,29026.15,421103
1991,2,8.24,6929.07,7.15,5495.58,58.51,0,152.020,0,31.42,4.03,25.40,14.25,19.80,0.27,0,0,0.27,6.07,3.33,1.87,9.60,13.67,3.40,5.99,9.17,200.23,18.94,6507630,6045622,462008,7.10,29026.15,421103
1991,3,8.23,6993.21,7.13,5590.15,47.07,0,140.547,0,33.29,10.33,28.64,18.64,23.66,3.00,0,0,0.00,7.33,3.93,2.00,12.36,12.76,3.80,6.65,9.68,127.82,61.45,6513776,6041212,472564,7.30,29026.15,421103
1991,4,7.97,6943.19,6.8,5940.26,65.99,0,195.273,0,33.49,17.99,30.67,21.68,26.18,7.87,0,0,0.00,9.40,4.33,2.67,16.84,13.28,3.32,6.16,9.42,18.51,149.24,6520647,6038949,481698,7.40,29026.15,421103
1991,5,7.85,8529.25,6.71,6556.86,50.33,0,185.673,0,34.81,18.70,31.98,22.15,27.07,17.00,0,0,0.00,10.67,5.13,2.07,19.42,13.43,3.14,5.82,9.18,0.10,276.81,6527666,6038775,488891,7.50,29026.15,421103
1991,6,7.80,9472.98,6.64,6887.48,61.59,0,253.200,0,35.10,21.33,32.71,23.33,28.01,22.60,0,0,0.00,14.67,6.40,2.87,20.62,13.65,2.46,5.34,9.07,0.10,315.60,6534353,6040389,493964,7.60,29026.15,421103
1991,7,7.78,10247.21,6.63,6996.54,41.65,0,157.420,0,35.03,20.82,32.76,23.34,28.05,22.47,0,0,0.00,10.80,4.53,1.67,22.05,13.25,2.22,5.53,9.93,0.00,363.82,6540152,6042600,497552,7.60,29026.15,421103
1991,8,7.72,10831.78,6.58,7282.01,44.12,0,132.073,0,34.81,16.99,31.93,22.10,27.02,15.33,0,0,0.00,7.93,3.13,1.47,22.00,13.68,2.20,5.13,9.12,0.15,371.49,6545644,6044199,501445,7.70,29026.15,421103
1991,9,7.72,10673.87,6.57,7208.96,65.48,0,175.040,0,32.15,10.08,28.55,18.42,23.50,1.87,0,0,0.00,7.60,3.33,2.13,20.62,13.25,2.49,5.11,9.04,2.08,306.44,6552376,6044477,507899,7.80,29026.15,421103
1991,10,7.84,8924.21,6.67,6803.61,17.68,0,40.087,0,29.37,3.71,23.74,12.52,18.13,0.00,0,0,1.73,3.27,1.00,0.33,17.07,13.51,2.96,5.41,8.34,27.64,158.50,6560638,6042830,517808,7.90,29026.15,421103
1991,11,7.98,7412.55,6.73,6362.82,15.81,0,28.287,0,28.97,3.87,23.26,12.28,17.77,0.00,0,0,1.20,2.87,0.60,0.13,10.83,13.34,3.19,5.48,8.42,217.48,44.68,6570531,6040246,530285,8.10,29026.15,421103
1991,12,7.95,7347.36,6.82,5936.32,34.73,0,86.900,0,26.66,0.20,20.34,9.11,14.74,0.00,0,0,3.20,4.67,2.53,1.07,11.42,13.11,2.96,5.32,8.60,226.21,32.95,6581238,6038427,542811,8.20,29026.15,421103
1992,1,7.98,7983.37,6.89,5697.86,33.90,0,91.840,0,28.40,3.73,22.76,12.01,17.37,0.00,0,0,0.80,5.40,2.93,1.27,8.10,12.98,3.17,5.63,8.65,363.54,8.09,6592915,6040288,552627,8.40,29353.76,436843
1992,2,7.87,7816.81,6.82,5486.88,40.15,0,86.400,0,29.41,5.26,24.25,12.51,18.39,0.00,0,0,0.13,4.80,2.00,1.13,11.05,12.68,3.16,5.78,8.90,227.98,21.22,6605662,6047093,558569,8.50,29353.76,436843
1992,3,7.94,6798.93,6.74,5723.70,36.50,0,78.133,0,31.12,6.70,26.02,15.05,20.53,0.20,0,0,0.07,4.53,1.73,0.87,10.85,13.29,3.27,5.87,8.92,168.55,30.84,6620358,6059509,560849,8.50,29353.76,436843
1992,4,7.80,6561.01,6.64,5750.27,24.63,0,49.347,0,33.01,8.80,29.31,17.23,23.27,3.60,0,0,0.00,3.67,1.07,0.47,13.33,13.19,3.40,6.09,9.22,89.90,68.88,6637586,6076331,561255,8.50,29353.76,436843
1992,5,7.79,6914.85,6.58,6092.29,59.93,0,294.327,0,34.54,19.37,31.65,22.31,26.99,14.47,0,0,0.00,14.20,7.40,3.80,15.66,12.95,3.03,5.66,8.32,23.29,153.48,6654303,6093551,560752,8.40,29353.76,436843
1992,6,7.65,8858.12,6.46,6815.19,31.34,0,96.580,0,35.93,21.09,33.46,23.46,28.47,26.67,0,0,0.00,7.53,2.33,1.07,21.22,13.07,2.76,5.92,9.72,0.00,305.60,6667987,6108594,559393,8.40,29353.76,436843
1992,7,7.59,10882.41,6.42,7312.48,50.36,0,203.647,0,34.55,19.97,32.15,22.87,27.50,18.67,0,0,0.00,11.67,5.27,2.33,21.96,12.96,2.44,5.28,9.14,0.00,402.14,6677483,6120884,556599,8.30,29353.76,436843
1992,8,7.58,11152.85,6.39,7273.20,46.11,0,143.233,0,33.71,19.05,31.15,22.44,26.79,11.21,0,0,0.00,9.33,3.73,1.73,21.87,13.78,2.33,5.40,10.10,0.00,331.53,6681621,6130592,551029,8.20,29353.76,436843
1992,9,7.60,10350.30,6.43,7277.53,62.21,0,94.447,0,31.26,11.70,27.68,17.31,22.44,1.20,0,0,0.00,4.07,1.53,0.93,20.52,13.56,2.53,5.20,9.07,0.18,294.67,6680573,6138259,542314,8.10,29353.76,436843
1992,10,7.70,9010.93,6.5,6813.63,57.32,0,154.647,0,30.49,4.71,25.03,16.12,20.57,0.20,0,0,0.33,7.40,3.33,1.80,15.99,12.75,2.97,5.25,8.62,34.72,114.53,6677276,6146106,531170,8.00,29353.76,436843
1992,11,7.94,7376.33,6.62,6469.87,21.99,0,38.947,0,27.37,3.17,22.63,11.73,17.17,0.00,0,0,0.80,2.53,1.00,0.53,14.59,13.50,3.59,6.10,9.30,143.80,95.97,6673964,6154438,519526,7.80,29353.76,436843
1992,12,7.78,7877.75,6.61,6197.11,45.09,0,149.620,0,28.29,4.81,23.17,13.80,18.47,0.00,0,0,0.40,8.80,4.20,1.87,11.61,13.21,2.87,5.17,8.57,242.86,18.82,6673247,6164133,509114,7.60,29353.76,436843
1993,1,7.84,7203.16,6.55,5866.65,32.04,0,81.353,0,26.33,2.33,21.31,9.91,15.60,0.00,0,0,0.87,4.73,2.67,1.00,13.05,12.44,3.11,5.55,8.87,196.27,35.70,6677510,6176868,500642,7.50,29813.70,453350
1993,2,7.85,6830.99,6.69,5417.48,58.00,0,150.880,0,29.67,0.57,23.39,12.20,17.79,0.00,0,0,1.13,7.13,3.67,2.00,8.16,13.44,3.45,6.04,8.96,281.99,7.38,6687096,6192969,494127,7.40,29813.70,453350
1993,3,7.82,7049.62,6.7,5426.20,24.87,0,47.067,0,29.97,6.96,25.70,13.50,19.61,0.00,0,0,0.07,3.40,1.20,0.33,10.50,13.20,3.77,6.58,10.14,211.73,23.67,6702047,6212689,489358,7.30,29813.70,453350
1993,4,8.21,6752.40,6.9,5785.51,31.25,0,58.253,0,32.62,13.22,29.21,18.53,23.87,2.53,0,0,0.00,4.20,1.27,0.47,11.48,14.44,3.71,6.35,9.25,98.24,42.37,6720505,6235280,485225,7.20,29813.70,453350
1993,5,8.23,6714.79,6.89,5985.62,29.33,0,101.420,0,35.41,18.66,32.29,22.15,27.23,16.00,0,0,0.00,7.60,3.00,0.73,16.52,13.93,3.32,5.81,8.59,4.60,169.78,6739632,6258223,481409,7.10,29813.70,453350
1993,6,8.05,8995.98,6.76,6814.11,46.81,0,166.720,0,36.12,20.97,33.58,23.17,28.38,26.53,0,0,0.00,9.27,4.60,2.33,20.03,13.77,2.81,5.64,9.17,0.00,330.22,6756937,6278549,478388,7.10,29813.70,453350
1993,7,7.99,10665.91,6.7,7197.38,39.40,0,134.867,0,36.08,20.64,33.35,23.19,28.27,24.07,0,0,0.00,8.93,3.40,1.47,22.08,13.26,2.29,5.29,9.71,0.00,400.87,6769594,6294044,475550,7.00,29813.70,453350
1993,8,7.98,11594.39,6.69,7464.79,36.49,0,150.627,0,34.33,16.04,31.94,22.17,27.04,16.93,0,0,0.00,10.20,4.13,1.53,22.03,12.75,2.45,5.30,9.02,0.00,393.43,6778605,6305629,472976,7.00,29813.70,453350
1993,9,8.01,10766.14,6.69,7346.21,63.51,0,170.533,0,32.35,8.04,28.77,18.72,23.75,2.47,0,0,0.13,7.80,4.27,2.27,21.15,14.24,2.50,5.27,9.10,1.36,324.63,6788305,6317326,470979,6.90,29813.70,453350
1993,10,7.92,9343.11,6.54,6914.90,38.29,0,59.613,0,30.05,3.59,25.12,14.43,19.77,0.20,0,0,0.60,3.60,1.07,0.33,18.23,13.51,2.74,5.15,8.65,28.77,172.67,6801657,6331527,470130,6.90,29813.70,453350
1993,11,8.00,7906.44,6.58,6419.97,21.55,0,46.453,0,26.71,0.74,20.89,8.70,14.81,0.00,0,0,2.27,3.73,0.87,0.33,13.85,13.53,3.20,5.39,8.35,151.84,71.52,6819485,6348474,471011,6.90,29813.70,453350
1993,12,7.97,7760.75,6.57,6271.21,36.13,0,134.067,0,26.76,1.55,20.47,9.88,15.17,0.00,0,0,3.20,7.47,4.27,1.67,8.62,14.04,3.06,5.43,9.08,365.31,10.00,6841132,6368181,472951,6.90,29813.70,453350
1994,1,7.93,8208.30,6.65,5462.97,33.58,0,68.000,0,29.26,2.30,23.85,13.43,18.63,0.00,0,0,1.27,4.07,1.87,0.87,9.51,13.13,3.57,6.12,9.42,352.61,15.87,6863153,6388699,474454,6.90,30084.41,475562
1994,2,7.91,7206.29,6.6,5421.27,46.61,0,86.240,0,31.63,5.04,25.66,13.76,19.72,0.87,0,0,0.27,3.67,1.93,1.00,12.66,13.01,3.35,5.80,8.85,175.75,37.25,6881455,6407639,473816,6.90,30084.41,475562
1994,3,7.95,6625.86,6.5,5728.71,41.24,0,89.460,0,31.75,8.82,28.21,17.70,22.97,0.93,0,0,0.00,5.07,2.07,0.87,12.72,13.34,3.63,6.23,9.22,135.52,59.29,6894523,6423996,470527,6.80,30084.41,475562
1994,4,7.85,7230.15,6.29,6358.72,45.23,0,87.707,0,33.73,13.15,30.35,19.33,24.84,7.33,0,0,0.00,4.40,2.07,1.13,16.64,13.76,3.28,5.84,8.76,32.24,134.47,6903675,6438663,465012,6.70,30084.41,475562
1994,5,7.72,8155.62,6.5,6183.35,58.47,0,240.133,0,35.04,20.15,32.01,22.71,27.37,16.87,0,0,0.00,13.00,5.93,3.20,18.01,12.90,2.88,5.43,8.98,5.22,224.84,6912763,6454530,458233,6.60,30084.41,475562
1994,6,7.71,9353.87,6.25,6868.70,45.81,0,188.813,0,34.27,20.63,31.93,22.73,27.33,17.13,0,0,0.00,11.93,5.13,2.13,21.85,13.13,2.63,5.63,10.01,0.01,326.34,6924913,6473763,451150,6.50,30084.41,475562
1994,7,7.64,10546.70,6.17,7124.62,67.39,0,238.093,0,33.88,20.08,31.67,22.54,27.11,14.00,0,0,0.00,12.73,6.07,2.80,21.80,13.48,2.56,5.66,9.79,0.00,334.44,6942049,6497466,444583,6.40,30084.41,475562
1994,8,7.65,10051.69,6.2,6956.11,63.81,0,241.213,0,33.55,18.15,30.57,21.76,26.16,7.53,0,0,0.00,11.07,5.80,3.67,21.84,13.65,2.51,5.44,9.66,0.00,327.37,6963006,6524402,438604,6.30,30084.41,475562
1994,9,7.66,10056.19,6.19,7032.76,66.03,0,164.833,0,31.85,14.89,28.45,19.40,23.93,1.40,0,0,0.00,8.00,3.93,1.93,21.00,13.15,2.58,5.27,9.49,0.27,264.44,6984501,6552483,432018,6.20,30084.41,475562
1994,10,7.79,8784.70,6.33,6750.23,79.47,0,151.100,0,30.07,9.72,26.48,16.95,21.71,0.13,0,0,0.00,4.67,2.47,1.93,18.63,13.39,2.85,5.26,8.80,21.30,169.28,7003158,6579967,423191,6.00,30084.41,475562
1994,11,7.86,7840.15,6.36,6567.51,52.43,0,102.340,0,28.70,5.44,22.57,13.01,17.79,0.00,0,0,0.13,5.67,2.27,0.93,16.11,13.11,3.29,5.66,8.82,64.83,96.72,7017773,6605757,412016,5.90,30084.41,475562
1994,12,7.85,7524.15,6.33,6455.08,33.67,0,81.880,0,26.41,1.85,20.53,8.98,14.76,0.00,0,0,1.87,5.53,2.00,0.93,12.71,12.29,3.04,5.22,8.82,233.97,34.92,7026523,6626354,400169,5.70,30084.41,475562
1995,1,7.80,7321.57,6.38,5585.37,19.73,0,51.560,0,28.41,-1.86,22.01,10.02,16.00,0.00,0,0,2.67,4.40,1.33,0.33,8.97,13.51,3.13,5.64,8.91,353.82,8.75,7029031,6638913,390118,5.60,31020.81,493273
1995,2,7.79,7824.55,6.52,5277.74,51.05,0,105.407,0,30.68,6.96,25.19,14.53,19.87,0.20,0,0,0.07,5.33,2.60,1.13,9.35,13.41,3.40,6.04,9.20,270.63,16.23,7028330,6644667,383663,5.50,31020.81,493273
1995,3,7.86,6444.30,6.47,5519.55,35.03,0,85.320,0,32.34,9.26,27.80,16.54,22.17,2.00,0,0,0.00,4.80,2.33,1.13,13.68,13.30,3.56,6.10,9.09,115.75,43.16,7027083,6645653,381430,5.40,31020.81,493273
1995,4,7.88,6547.67,6.4,5919.21,40.89,0,77.953,0,34.89,14.11,31.64,20.73,26.17,14.40,0,0,0.07,4.33,1.93,0.80,15.82,13.30,3.12,5.60,8.51,46.03,107.97,7026666,6643924,382742,5.40,31020.81,493273
1995,5,7.76,8139.19,6.35,6520.57,79.64,0,256.467,0,35.19,15.61,31.33,21.81,26.58,12.47,0,0,0.13,10.67,6.00,3.33,19.73,13.27,3.06,5.59,8.52,1.48,293.67,7029171,6642854,386317,5.50,31020.81,493273
1995,6,7.71,10046.46,6.23,7099.54,47.99,0,184.871,0,35.96,21.04,32.98,23.28,28.13,23.07,0,0,0.00,11.29,5.29,2.43,20.80,12.86,2.97,5.80,9.24,0.05,295.07,7035310,6644927,390383,5.50,31020.81,493273
1995,7,7.71,10147.89,6.24,7101.13,87.37,0,282.057,0,36.11,21.41,32.46,23.92,28.19,19.79,0,0,0.00,12.14,6.43,3.64,22.30,13.03,2.61,5.76,10.03,0.00,373.74,7044457,6650644,393813,5.60,31020.81,493273
1995,8,7.71,10204.10,6.27,7003.15,48.74,0,177.200,0,34.24,18.09,31.58,22.59,27.09,13.33,0,0,0.07,9.00,4.33,2.33,22.93,11.92,2.95,5.72,9.50,0.00,387.81,7054356,6658547,395809,5.60,31020.81,493273
1995,9,7.72,10445.70,6.22,7311.19,68.23,0,216.367,0,32.62,12.71,29.02,20.33,24.69,3.20,0,0,0.00,10.47,4.93,2.47,21.65,13.39,2.43,5.04,8.72,0.67,311.63,7062597,6666651,395946,5.60,31020.81,493273
1995,10,7.96,9573.54,6.48,6982.60,31.85,0,73.493,0,30.42,4.52,23.99,12.27,18.12,0.07,0,0,0.73,4.00,1.53,0.93,19.03,13.86,3.23,5.73,9.17,22.04,217.44,7068152,6673498,394654,5.60,31020.81,493273
1995,11,8.07,7859.07,6.58,6578.35,24.93,0,51.840,0,27.75,-0.97,20.67,9.83,15.22,0.00,0,0,4.27,3.20,1.13,0.53,11.96,14.45,3.02,5.34,8.34,199.26,55.31,7071140,6679474,391666,5.50,31020.81,493273
1995,12,8.06,7029.62,6.63,6011.63,38.94,0,82.327,0,27.44,-2.34,21.09,8.61,14.85,0.00,0,0,4.00,5.00,2.07,0.67,9.42,13.10,2.94,5.25,8.60,351.01,15.95,7073427,6686077,387350,5.50,31020.81,493273
1996,1,7.87,9210.33,6.62,5732.15,22.39,0,45.407,0,28.69,-3.69,22.14,9.20,15.67,0.00,0.066666667,0,4.00,2.87,1.13,0.47,8.81,13.74,3.38,6.07,9.33,366.57,13.18,7078022,6695448,382574,5.40,31631.57,518640
1996,2,7.92,7888.91,6.73,5572.67,55.92,0,178.420,0,29.41,0.89,22.55,11.07,16.79,0.00,0,0,1.67,7.87,4.27,2.47,9.25,12.95,3.22,5.90,9.21,301.10,12.85,7086636,6708158,378478,5.30,31631.57,518640
1996,3,8.01,7323.55,6.74,5550.27,41.52,0,77.513,0,32.11,6.63,26.33,14.84,20.60,1.07,0,0,0.13,3.67,2.27,1.07,9.85,13.96,3.90,6.84,9.96,274.71,26.86,7099557,6724047,375510,5.30,31631.57,518640
1996,4,7.98,6688.99,6.68,5641.97,42.47,0,104.187,0,34.61,14.37,30.73,20.18,25.46,9.80,0,0,0.00,6.20,2.67,1.00,13.93,14.38,3.30,5.92,8.69,94.56,74.96,7116176,6742779,373397,5.20,31631.57,518640
1996,5,7.94,7308.55,6.57,6269.59,54.81,0,218.740,0,35.00,16.27,31.42,21.72,26.57,11.73,0,0,0.07,12.33,5.73,2.60,18.82,14.35,2.88,5.50,8.67,4.82,246.33,7135463,6763997,371466,5.20,31631.57,518640
1996,6,7.85,9184.68,6.42,6965.26,45.83,0,123.947,0,35.45,20.70,32.81,23.58,28.21,23.00,0,0,0.00,7.27,3.07,1.33,20.75,14.00,2.62,5.64,9.35,0.00,290.67,7156648,6787299,369349,5.20,31631.57,518640
1996,7,7.93,9907.33,6.54,7079.20,45.22,0,181.700,0,33.99,20.37,31.90,22.83,27.37,16.67,0,0,0.00,12.33,5.07,1.87,22.27,13.64,2.87,5.50,9.10,0.00,395.67,7179471,6812355,367116,5.10,31631.57,518640
1996,8,7.94,10838.14,6.51,7372.65,42.84,0,141.713,0,33.91,17.57,31.62,22.09,26.86,14.07,0,0,0.00,9.47,3.93,1.33,21.89,13.82,2.39,5.32,9.34,0.00,332.93,7203002,6837669,365333,5.10,31631.57,518640
1996,9,7.97,10196.09,6.52,7256.37,73.31,0,179.633,0,31.12,9.47,27.85,18.38,23.12,0.40,0,0,0.00,7.40,4.40,2.27,20.99,13.57,2.50,5.17,8.85,0.61,298.16,7224225,6859676,364549,5.00,31631.57,518640
1996,10,8.15,8785.11,6.72,6854.61,18.95,0,32.273,0,30.23,6.31,24.75,14.03,19.37,0.00,0,0,0.07,3.13,0.60,0.33,17.55,14.25,3.19,5.59,8.98,36.66,150.09,7240543,6875770,364773,5.00,31631.57,518640
1996,11,8.25,7280.95,6.78,6443.37,33.61,0,75.647,0,27.63,0.25,22.44,11.02,16.74,0.00,0,0,1.80,4.33,1.93,1.07,13.09,14.84,3.71,6.08,9.21,145.71,57.20,7252081,6886400,365681,5.00,31631.57,518640
1996,12,8.22,6971.02,6.79,6171.91,35.37,0,77.673,0,27.96,-2.29,21.83,10.37,16.13,0.00,0,0,2.93,4.73,1.80,0.67,11.25,14.00,2.84,5.18,8.66,264.11,17.13,7261593,6895186,366407,5.00,31631.57,518640
1997,1,8.16,7831.68,6.81,5769.60,30.76,0,63.713,0,29.42,3.68,24.41,13.73,19.07,0.00,0,0,0.47,4.27,1.40,0.47,10.20,13.91,3.01,5.52,8.96,298.41,14.86,7271995,6905670,366325,5.00,32210.18,540967
1997,2,8.22,7332.20,6.91,5557.73,31.71,0,71.207,0,31.09,9.79,27.32,16.73,22.02,0.20,0,0,0.00,5.07,1.80,0.67,13.61,13.46,3.35,5.81,9.04,166.02,46.33,7285819,6920642,365177,5.00,32210.18,540967
1997,3,8.27,6979.01,6.79,5979.70,59.93,0,145.220,0,31.23,7.41,26.50,15.67,21.09,0.80,0,0,0.00,6.80,3.67,1.73,15.78,13.85,3.30,5.83,8.63,39.86,92.59,7304568,6941888,362680,5.00,32210.18,540967
1997,4,8.28,6854.48,6.79,6011.00,48.31,0,121.160,0,33.37,12.93,29.44,19.28,24.36,4.27,0,0,0.00,5.60,3.13,1.47,13.90,14.14,3.69,6.36,9.24,68.29,76.04,7328044,6968281,359763,4.90,32210.18,540967
1997,5,8.24,7276.72,6.82,6062.11,63.11,0,208.747,0,34.29,17.85,31.04,21.83,26.42,12.73,0,0,0.00,10.87,5.27,2.13,18.04,13.89,2.98,5.52,8.76,7.37,200.19,7352202,6995593,356609,4.90,32210.18,540967
1997,6,8.14,9264.94,6.65,6818.73,49.72,0,199.127,0,35.59,20.55,32.81,23.22,28.01,24.53,0,0,0.00,11.33,5.40,2.40,20.83,14.02,2.86,5.74,9.41,0.92,284.82,7373219,7020298,352921,4.80,32210.18,540967
1997,7,7.92,10520.80,6.48,7067.98,45.10,0,167.867,0,34.84,19.44,32.66,23.15,27.91,23.00,0,0,0.00,10.20,4.40,2.33,22.42,13.83,2.33,5.50,9.54,0.00,373.01,7389856,7041089,348767,4.70,32210.18,540967
1997,8,8.04,10641.44,6.6,7060.89,58.83,0,167.540,0,34.29,18.77,31.69,22.01,26.85,14.13,0,0,0.00,8.93,4.07,1.73,22.05,13.56,2.31,5.17,9.11,0.00,371.32,7402437,7057706,344731,4.70,32210.18,540967
1997,9,8.06,10585.82,6.56,7229.01,41.45,0,100.953,0,32.29,9.14,28.13,18.07,23.10,2.67,0,0,0.00,5.80,2.60,1.27,21.08,13.72,2.53,5.06,8.47,0.00,312.99,7412552,7071342,341210,4.60,32210.18,540967
1997,10,7.88,9575.23,6.33,6986.75,60.31,0,121.107,0,29.11,5.45,23.78,13.44,18.61,0.07,0,0,0.60,4.87,2.73,1.53,16.98,14.04,3.02,5.47,8.57,51.58,164.35,7422039,7083040,338999,4.60,32210.18,540967
1997,11,7.98,7379.34,6.4,6270.95,56.59,0,186.847,0,27.93,2.63,20.56,11.16,15.86,0.07,0,0,2.07,9.00,4.20,2.47,13.25,13.84,2.85,5.17,8.41,180.44,43.82,7431207,7093227,337980,4.50,32210.18,540967
1997,12,7.93,7342.00,6.37,6095.60,51.49,0,119.667,0,27.22,3.07,21.71,11.73,16.72,0.00,0,0,1.67,6.07,2.40,1.27,11.02,13.43,3.02,5.55,8.84,321.80,26.40,7440960,7103528,337432,4.50,32210.18,540967
1998,1,7.89,7678.60,6.4,5688.59,71.75,0,199.333,0,27.65,4.16,21.67,11.27,16.47,0.00,0,0,0.40,8.13,4.73,2.60,11.67,14.06,3.17,5.70,8.97,275.41,21.45,7451486,7114967,336519,4.50,33837.24,567440
1998,2,7.94,6760.79,6.51,5279.15,65.43,0,128.613,0,29.25,2.73,22.77,11.93,17.35,0.00,0,0,1.47,5.07,2.87,1.33,10.80,13.81,3.90,6.88,10.43,256.68,15.91,7462792,7128094,334698,4.50,33837.24,567440
1998,3,7.94,6626.55,6.47,5370.98,18.69,0,30.073,0,30.71,9.19,26.95,16.33,21.63,0.27,0,0,0.00,1.87,0.87,0.33,10.61,14.68,3.76,6.41,9.24,238.60,34.86,7473723,7141713,332010,4.40,33837.24,567440
1998,4,7.98,6615.17,6.55,5729.61,28.91,0,59.180,0,34.88,14.53,31.43,19.96,25.70,13.67,0,0,0.00,3.53,1.40,0.67,14.77,14.14,3.72,6.37,9.14,56.50,93.64,7484364,7155723,328641,4.40,33837.24,567440
1998,5,7.91,7222.64,6.45,6195.51,32.31,0,67.738,0,37.26,20.18,34.72,23.81,29.26,26.00,0,0,0.00,3.75,2.00,0.75,18.89,12.42,2.82,5.57,8.73,0.72,255.32,7496089,7170483,325606,4.30,33837.24,567440
1998,6,7.81,10082.00,6.33,6985.64,53.61,0,205.169,0,36.94,21.92,33.48,24.24,28.84,24.88,0,0,0.00,11.00,5.19,2.44,22.04,13.27,2.96,5.74,9.23,0.00,424.73,7509547,7185740,323807,4.30,33837.24,567440
1998,7,7.81,11005.88,6.28,7333.15,44.08,0,164.906,0,35.39,21.56,33.04,24.01,28.52,23.81,0,0,0.00,10.25,4.13,2.19,23.06,13.01,2.51,5.66,9.56,0.00,412.47,7524288,7201435,322853,4.30,33837.24,567440
1998,8,7.83,10735.41,6.29,7216.79,95.39,0,307.981,0,34.29,20.24,30.81,23.61,27.20,9.69,0,0,0.00,12.56,6.50,3.75,22.85,13.92,2.39,5.30,9.24,0.00,386.59,7540531,7219059,321472,4.30,33837.24,567440
1998,9,7.85,10436.90,6.3,7124.83,24.13,0,52.563,0,32.81,13.51,29.51,19.99,24.75,4.19,0,0,0.00,3.69,1.19,0.69,22.44,13.59,3.23,6.07,10.14,0.04,306.55,7558225,7238895,319330,4.20,33837.24,567440
1998,10,7.88,9594.51,6.35,6944.64,63.56,0,99.100,0,29.69,4.72,26.23,16.21,21.21,0.00,0.1875,0.25,0.50,3.06,1.69,1.06,18.56,14.09,2.87,5.20,8.69,17.03,209.97,7576025,7259808,316217,4.20,33837.24,567440
1998,11,8.00,7539.11,6.41,6597.69,22.29,0,50.956,0,28.46,4.48,24.06,14.29,19.18,0.06,0,0,1.13,5.13,1.00,0.50,16.75,13.14,2.42,4.68,8.33,65.14,81.04,7591438,7278820,312618,4.10,33837.24,567440
1998,12,7.98,7286.10,6.34,6443.45,46.16,0,108.019,0,27.68,-0.83,22.80,11.32,17.06,0.00,0,0,2.75,5.69,3.19,1.31,14.33,13.22,2.72,5.06,8.27,172.09,47.56,7602838,7293164,309674,4.10,33837.24,567440
1999,1,7.90,8085.53,6.51,5932.20,13.38,0,25.800,0,28.15,3.60,23.63,11.81,17.71,0.00,0,0,1.07,2.47,0.67,0.07,11.84,13.85,3.04,5.61,8.74,255.01,22.62,7610342,7302989,307353,4.00,34397.80,592557
1999,2,8.10,6594.10,6.61,5540.09,20.52,0,35.700,0,28.74,4.50,24.42,11.40,17.92,0.00,0,0,0.41,2.29,1.06,0.47,11.03,13.65,2.91,5.57,8.43,206.71,13.68,7616221,7310682,305539,4.00,34397.80,592557
1999,3,8.10,6517.18,6.61,5418.70,19.55,0,32.559,0,33.62,8.74,28.83,17.39,23.12,5.41,0,0,0.06,2.71,0.82,0.29,10.28,14.04,3.20,5.96,8.62,190.78,14.67,7623032,7319047,303985,4.00,34397.80,592557
1999,4,7.80,7142.07,6.41,5972.37,38.69,0,96.076,0,33.22,11.18,29.78,18.79,24.28,4.94,0,0,0.00,5.41,2.59,0.88,16.11,13.14,3.11,5.86,8.64,37.87,133.65,7631711,7329359,302352,4.00,34397.80,592557
1999,5,7.70,7878.50,6.21,6380.17,67.21,0,256.941,0,33.56,19.91,30.67,22.32,26.48,6.06,0,0,0.00,13.24,6.35,2.94,17.53,13.81,2.92,5.91,9.06,16.42,179.71,7641236,7340879,300357,3.90,34397.80,592557
1999,6,7.60,9203.49,6.11,6733.41,40.06,0,131.224,0,36.01,21.11,32.62,23.66,28.15,20.29,0,0,0.00,8.71,3.24,1.47,21.23,13.55,2.59,5.71,9.25,0.00,270.96,7651115,7352825,298290,3.90,34397.80,592557
1999,7,7.60,10024.01,6.01,7010.50,44.82,0,190.647,0,36.24,21.54,33.08,23.95,28.51,23.24,0,0,0.00,10.65,5.53,2.65,22.18,13.65,2.41,5.33,8.96,0.00,377.14,7660408,7363877,296531,3.90,34397.80,592557
1999,8,7.60,11557.22,6.01,7452.86,55.74,0,187.806,0,34.74,17.58,31.12,22.20,26.67,12.76,0,0,0.00,10.00,4.53,2.35,22.91,13.39,2.37,5.65,9.35,0.00,386.58,7669576,7374638,294938,3.80,34397.80,592557
1999,9,7.60,10893.51,6.01,7359.55,74.21,0,185.976,0,31.52,8.21,28.27,19.45,23.86,1.24,0,0.058823529,0.12,6.82,3.29,1.94,20.55,13.43,2.85,5.59,9.09,1.52,280.53,7680799,7387645,293154,3.80,34397.80,592557
1999,10,7.60,9262.42,6.11,6758.95,31.58,0,51.712,0,28.19,7.51,25.19,14.55,19.87,0.00,0,0,0.18,3.35,1.29,0.41,18.28,13.85,3.38,5.80,9.03,38.86,166.81,7696165,7405074,291091,3.80,34397.80,592557
1999,11,7.80,7303.19,6.21,6201.31,22.72,0,50.994,0,28.50,1.60,21.85,11.01,16.42,0.06,0,0,2.12,3.88,1.18,0.47,13.68,13.85,3.11,5.49,8.70,125.21,36.72,7717460,7428658,288802,3.70,34397.80,592557
1999,12,7.70,7122.43,6.11,6149.92,18.24,0,44.400,0,27.49,-0.45,21.58,10.16,15.88,0.00,0,0,2.47,3.82,1.29,0.18,10.83,13.97,2.70,5.06,8.15,289.70,15.28,7742910,7456430,286480,3.70,34397.80,592557
2000,1,7.55,7808.14,6.13,5685.90,14.26,0.208333333,21.738,0,28.25,1.50,22.93,10.62,16.78,0.00,0,0,1.63,2.06,0.63,0.06,9.82,13.47,3.09,5.71,8.95,314.98,9.25,7768931,7483907,285024,3.70,35603.10,616483
2000,2,7.56,8052.10,6.22,5537.52,30.39,0.192307692,67.400,0,31.29,8.39,26.62,14.98,20.81,0.41,0,0,0.12,3.94,1.47,0.65,10.33,13.63,2.92,5.40,8.28,242.75,11.29,7791292,7506328,284964,3.70,35603.10,616483
2000,3,7.71,6485.75,6.15,5694.16,28.14,0,49.571,0,31.25,7.19,27.06,14.95,21.01,0.59,0,0,0.00,2.94,1.35,0.65,14.17,13.76,3.25,5.99,8.79,81.32,45.08,7808836,7522412,286424,3.70,35603.10,616483
2000,4,7.70,6572.14,6.15,5885.69,13.02,0,22.747,0,35.45,14.55,31.14,20.05,25.59,11.29,0,0,0.00,1.76,0.59,0.24,13.67,13.91,3.47,6.28,9.08,69.62,63.10,7822574,7533265,289309,3.70,35603.10,616483
2000,5,7.65,7474.20,6.15,6256.95,43.78,0,137.312,0,35.59,18.74,32.25,22.29,27.29,16.06,0,0,0.00,9.00,3.88,1.24,18.10,14.17,3.25,5.84,8.24,1.62,242.95,7834472,7541773,292699,3.70,35603.10,616483
2000,6,7.57,9914.88,5.98,7037.99,51.72,0,160.265,0,36.23,20.66,33.09,23.43,28.25,21.12,0,0,0.00,8.29,3.82,2.18,20.80,14.04,2.93,6.12,9.15,0.28,307.50,7845741,7550349,295392,3.80,35603.10,616483
2000,7,7.89,10658.98,6.32,7276.82,41.39,0,149.094,0,35.42,20.72,32.82,23.31,28.06,23.29,0,0,0.00,9.82,3.94,1.76,22.09,13.19,2.63,6.11,10.08,0.00,364.62,7858035,7561683,296352,3.80,35603.10,616483
2000,8,7.91,10622.87,6.35,7302.43,70.26,0,220.612,0,33.76,18.80,31.08,22.83,26.95,11.65,0,0,0.00,9.76,5.59,2.94,22.04,13.63,2.49,5.56,9.43,0.00,358.68,7873862,7578167,295695,3.80,35603.10,616483
2000,9,7.90,10375.23,6.3,7280.00,49.65,0,83.812,0,32.61,10.43,28.11,17.09,22.61,1.53,0,0,0.06,2.88,1.29,0.65,21.85,13.87,2.82,5.53,9.07,1.87,298.26,7893675,7599576,294099,3.70,35603.10,616483
2000,10,7.95,8598.06,6.42,6653.91,32.39,0,57.682,0,29.89,2.96,24.38,12.95,18.66,0.24,0,0,0.82,3.35,1.18,0.53,15.98,13.34,3.12,5.55,8.79,41.57,111.62,7917898,7624969,292929,3.70,35603.10,616483
2000,11,8.00,6938.38,6.44,6165.88,32.76,0,58.324,0,28.43,-2.84,20.63,9.36,14.99,0.00,0,0,5.00,2.88,0.94,0.41,12.75,13.62,2.83,5.19,8.32,182.14,44.48,7945609,7651367,294242,3.70,35603.10,616483
2000,12,7.79,8082.93,6.41,6132.76,13.49,0,27.194,0,27.31,-1.35,19.46,6.69,13.06,0.00,0,0,6.00,2.71,0.59,0.06,9.36,13.59,3.29,5.74,8.94,375.93,19.80,7974373,7675100,299273,3.80,35603.10,616483
2001,1,8.14,10479.22,6.84,6022.68,10.47,0,17.735,0,30.07,3.69,24.61,13.89,19.24,0.18,0,0,0.35,1.94,0.24,0.12,6.63,13.75,2.97,5.46,8.59,475.25,4.76,8001068,7693610,307458,3.80,36080.93,633726
2001,2,8.29,7907.82,7.03,5588.28,69.62,0,174.412,0,30.40,5.06,24.25,13.53,18.89,0.53,0,0,0.12,7.41,4.12,2.06,13.74,12.63,2.96,5.38,8.13,146.94,33.74,8022720,7705646,317074,4.00,36080.93,633726
2001,3,8.51,6807.83,7.06,5683.26,15.10,0,23.718,0,31.85,7.68,27.53,16.14,21.82,1.41,0,0,0.00,1.94,0.71,0.24,12.16,13.43,3.62,6.48,9.49,187.58,42.90,8036961,7710633,326328,4.10,36080.93,633726
2001,4,8.84,6933.60,7.44,5851.64,31.81,0,78.259,0,33.61,14.34,29.85,18.60,24.23,6.59,0,0,0.00,4.06,2.00,0.94,14.63,14.17,3.42,5.97,8.67,48.41,89.32,8043380,7709563,333817,4.20,36080.93,633726
2001,5,8.93,7010.05,7.42,6105.23,60.21,0,213.424,0,34.64,19.12,31.77,22.23,27.00,14.35,0,0,0.00,11.53,5.65,2.71,17.23,13.80,3.38,5.96,8.76,2.11,176.96,8046042,7706008,340034,4.20,36080.93,633726
2001,6,8.20,9195.43,6.54,6946.28,59.58,0,231.047,0,34.63,20.91,31.96,23.35,27.65,16.29,0,0,0.00,12.12,5.76,2.88,21.21,13.79,2.87,6.02,9.77,0.00,303.89,8049161,7702393,346768,4.30,36080.93,633726
2001,7,8.76,10136.66,7.11,7253.62,58.66,0,158.147,0,34.60,20.51,32.33,23.42,27.88,20.24,0,0,0.00,7.59,3.76,1.94,22.38,13.89,2.89,5.83,9.43,0.00,340.52,8056336,7700150,356186,4.40,36080.93,633726
2001,8,8.77,10291.36,7.22,7192.82,102.94,0,336.418,0,33.72,16.24,30.02,21.65,25.84,7.59,0,0,0.00,11.41,6.82,3.82,22.42,13.91,2.62,5.22,9.07,0.00,355.33,8066516,7697270,369246,4.60,36080.93,633726
2001,9,8.82,10539.78,7.25,7336.77,40.09,0,111.941,0,31.84,9.34,27.82,18.45,23.14,1.41,0,0,0.00,5.35,2.65,1.41,20.65,14.12,2.84,5.43,9.37,6.29,236.73,8078202,7693409,384793,4.80,36080.93,633726
2001,10,8.70,8065.38,7.13,6526.95,26.95,0,46.000,0,28.92,10.21,25.91,15.66,20.77,0.00,0,0,0.00,2.65,1.12,0.53,16.52,14.74,3.59,5.94,9.04,58.89,147.17,8046618,7579285,467333,5.80,36080.93,633726
2001,11,8.70,7044.49,7.05,6170.08,20.55,0,42.006,0,28.39,2.88,23.84,13.96,18.90,0.00,0,0,1.29,3.29,0.82,0.29,15.06,13.92,3.24,5.40,8.58,78.26,44.17,8056051,7576796,479255,5.90,36080.93,633726
2001,12,8.58,7172.04,6.94,6232.41,26.82,0,64.065,0,28.39,-0.78,21.79,10.86,16.34,0.00,0,0,2.76,4.53,1.82,0.47,13.47,14.15,2.91,4.98,8.20,192.56,47.80,8063623,7577994,485629,6.00,36080.93,633726
2002,1,8.38,8615.63,6.96,5917.34,40.54,0,80.624,0,27.99,0.83,21.95,10.61,16.26,0.00,0,0,0.94,4.06,2.24,0.82,11.48,13.25,2.95,5.23,8.52,310.41,24.75,8070320,7584197,486123,6.00,36136.86,658732
2002,2,8.57,6895.21,7.1,5587.85,30.07,0,58.788,0,30.58,2.26,25.96,14.19,20.08,0.35,0,0,1.00,3.29,1.47,0.53,9.72,14.08,3.34,6.02,8.51,266.30,11.37,8076773,7594728,482045,6.00,36136.86,658732
2002,3,8.53,6832.63,7.14,5466.70,35.32,0,55.953,0,32.46,12.74,28.87,18.65,23.76,3.06,0,0,0.00,3.41,1.06,0.59,13.87,14.12,3.74,6.55,8.74,131.43,67.56,8083376,7607637,475739,5.90,36136.86,658732
2002,4,8.44,6958.75,6.9,5941.45,38.48,0,80.394,0,34.38,15.18,30.75,20.13,25.44,10.06,0,0,0.00,3.88,2.06,0.94,17.32,14.10,3.31,6.01,8.44,15.12,147.12,8092446,7623268,469178,5.80,36136.86,658732
2002,5,8.10,8275.56,6.59,6549.12,59.18,0,261.941,0,35.38,19.75,31.09,22.44,26.75,9.94,0,0,0.00,12.59,6.76,3.53,18.46,14.50,3.84,6.62,8.76,8.25,239.91,8104677,7641177,463500,5.70,36136.86,658732
2002,6,7.61,8976.44,6,6754.25,47.58,0,205.918,0,35.62,20.93,32.17,23.30,27.72,17.65,0,0,0.00,12.59,6.12,2.41,21.70,14.14,2.86,6.00,9.07,0.00,281.57,8119064,7660715,458349,5.60,36136.86,658732
2002,7,8.07,9632.27,6.44,7057.86,49.07,0,207.388,0,34.69,19.88,32.15,23.19,27.67,17.59,0,0,0.00,12.06,5.59,2.71,22.64,14.06,2.32,5.54,9.01,0.00,349.00,8133037,7679431,453606,5.60,36136.86,658732
2002,8,8.09,10462.94,6.51,7182.14,56.25,0,183.676,0,34.11,20.66,31.78,23.62,27.69,13.88,0,0,0.00,10.29,4.35,2.18,22.36,14.48,2.50,5.54,8.78,0.00,340.44,8144483,7695145,449338,5.50,36136.86,658732
2002,9,8.09,10201.80,6.5,7211.89,28.76,0,73.863,0,33.14,14.24,29.95,20.98,25.46,5.44,0,0,0.00,5.25,2.06,0.69,22.85,14.41,3.06,5.73,8.67,0.00,334.14,8152587,7706489,446098,5.50,36136.86,658732
2002,10,8.14,9235.98,6.58,6865.37,42.11,0,78.056,0,31.36,3.81,24.46,13.09,18.77,0.63,0,0,0.69,4.25,1.88,1.00,20.35,14.05,2.53,4.90,7.45,13.31,234.89,8156106,7712234,443872,5.40,36136.86,658732
2002,11,8.21,7833.48,6.61,6418.00,64.21,0,191.463,0,27.22,3.19,21.24,10.14,15.70,0.00,0,0,1.56,7.56,4.31,2.63,12.84,14.57,2.89,5.29,8.07,197.45,52.96,8157225,7715098,442127,5.40,36136.86,658732
2002,12,7.92,7662.98,6.61,5958.05,14.34,0,20.656,0,25.45,-2.58,18.90,6.26,12.58,0.00,0,0,5.00,1.25,0.38,0.25,10.31,14.18,3.05,5.53,8.34,334.41,20.33,8158210,7717879,440331,5.40,36136.86,658732
2003,1,8.09,8855.47,6.82,5743.23,26.61,0,83.900,0,28.49,5.01,23.04,11.64,17.34,0.00,0,0,0.24,5.18,2.53,0.82,5.74,14.83,3.11,5.61,8.25,490.06,2.62,8162164,7723128,439036,5.40,36458.15,686575
2003,2,7.99,8370.91,6.86,5550.37,52.18,0,160.182,0,31.21,7.25,26.71,17.00,21.86,2.24,0,0,0.00,8.00,4.00,2.12,12.07,13.77,3.04,5.65,8.26,227.18,22.89,8170535,7732013,438522,5.40,36458.15,686575
2003,3,8.21,7073.85,6.91,5824.63,39.34,0,75.100,0,31.12,6.52,26.98,16.16,21.58,0.29,0,0,0.12,3.41,2.00,1.29,16.77,12.90,2.94,5.76,8.67,79.82,98.80,8181643,7742819,438824,5.40,36458.15,686575
2003,4,8.87,6838.94,7.04,5877.80,54.02,0,130.776,0,33.48,17.75,30.94,21.34,26.15,9.00,0,0,0.00,5.76,3.06,1.53,15.38,14.31,3.13,5.76,8.29,62.76,85.47,8191778,7751755,440023,5.40,36458.15,686575
2003,5,8.56,7802.79,7.16,6344.29,59.58,0,255.476,0,33.59,18.20,31.18,22.84,27.01,9.41,0,0.058823529,0.06,13.24,6.76,3.47,20.20,14.21,2.89,5.49,8.06,0.03,273.60,8198409,7756964,441445,5.40,36458.15,686575
2003,6,8.51,9088.80,7.04,6860.54,48.78,0,161.724,0,34.39,21.18,32.05,23.50,27.78,17.12,0,0,0.00,11.12,3.76,1.59,22.00,13.95,2.71,5.75,8.98,0.00,304.72,8203293,7761567,441726,5.40,36458.15,686575
2003,7,8.49,10067.79,6.91,7190.53,49.16,0,239.441,0,33.91,21.64,31.69,23.44,27.56,12.94,0,0,0.00,14.18,6.71,3.00,22.54,14.40,2.46,5.64,9.04,0.00,347.80,8208618,7769611,439007,5.30,36458.15,686575
2003,8,8.72,10072.22,7.23,7198.36,57.59,0,194.424,0,33.46,19.02,30.98,22.38,26.68,8.88,0,0,0.00,9.76,4.71,2.18,22.90,14.32,2.44,5.76,9.16,0.00,334.35,8216447,7783875,432572,5.30,36458.15,686575
2003,9,8.74,9981.04,7.25,7226.62,34.09,0,71.918,0,31.78,13.98,28.79,19.46,24.11,1.94,0,0,0.00,4.12,2.18,0.71,21.44,14.06,2.66,5.36,8.35,1.56,279.79,8228756,7805597,423159,5.10,36458.15,686575
2003,10,8.88,8366.38,7.46,6632.82,42.77,0,86.000,0,30.46,5.37,26.46,16.16,21.36,0.12,0.058823529,0,0.41,4.53,1.82,0.76,18.60,14.03,2.77,5.14,7.72,17.23,174.09,8246850,7833662,413188,5.00,36458.15,686575
2003,11,8.98,7304.12,7.44,6306.29,31.05,0,53.500,0,26.38,1.25,20.76,8.71,14.73,0.00,0,0,2.24,3.12,1.41,0.59,15.70,14.43,3.28,5.79,8.78,95.43,97.81,8270027,7864890,405137,4.90,36458.15,686575
2003,12,8.65,7761.34,7.42,6154.55,29.65,0,61.424,0,27.41,1.64,21.08,8.89,14.98,0.00,0,0,3.06,4.00,1.88,0.76,9.07,14.66,3.09,5.67,8.44,355.16,8.11,8295503,7895349,400154,4.80,36458.15,686575
2004,1,8.80,8617.01,7.57,5837.22,50.75,0,123.582,0,28.16,2.47,21.67,11.34,16.49,0.00,0,0,0.59,5.59,2.82,2.06,9.11,13.93,2.88,5.31,8.15,364.24,9.19,8320202,7922139,398063,4.80,37950.05,725025
2004,2,8.84,7636.88,7.73,5534.39,21.37,0,29.318,0,29.55,6.56,25.31,13.88,19.59,0.00,0,0,0.24,1.76,0.76,0.35,11.11,13.25,3.34,5.90,8.62,278.55,19.93,8343056,7945130,397926,4.80,37950.05,725025
2004,3,8.94,6950.61,7.67,5762.96,28.72,0,58.965,0,31.05,8.24,26.60,14.76,20.68,0.29,0,0,0.00,3.76,1.76,0.65,12.34,14.38,3.52,6.21,8.88,120.10,34.00,8365540,7967191,398349,4.80,37950.05,725025
2004,4,9.91,6351.98,7.68,5750.86,25.49,0,43.959,0,34.54,13.66,30.38,19.95,25.17,7.41,0,0,0.00,3.06,1.18,0.35,13.14,14.40,3.42,6.22,8.84,83.48,62.76,8387772,7990041,397731,4.70,37950.05,725025
2004,5,8.95,7459.06,7.59,6322.27,54.73,0,189.924,0,35.22,20.39,32.68,23.08,27.88,21.82,0,0,0.00,10.47,4.65,2.59,18.22,14.63,3.43,5.91,8.32,5.70,225.46,8409777,8013924,395853,4.70,37950.05,725025
2004,6,8.86,9938.63,7.53,6954.98,58.68,0,191.135,0,35.44,20.99,32.68,23.48,28.07,22.53,0.058823529,0,0.00,10.94,4.71,2.24,22.00,14.62,2.62,5.95,9.29,0.02,342.72,8431799,8038543,393256,4.70,37950.05,725025
2004,7,8.93,10969.15,7.42,7388.21,67.35,0,286.035,0,34.50,21.16,32.15,23.61,27.88,18.71,0,0,0.00,13.59,7.53,3.76,22.32,13.95,2.34,5.44,8.86,0.00,373.78,8454515,8063806,390709,4.60,37950.05,725025
2004,8,8.93,10181.57,7.49,7116.82,109.13,0,336.382,0,33.79,20.55,30.88,23.54,27.20,9.29,0,0,0.00,10.76,5.53,3.53,22.58,14.09,2.38,5.58,9.20,0.00,350.46,8478220,8089798,388422,4.60,37950.05,725025
2004,9,8.99,9558.10,7.6,6765.18,29.75,0,68.124,0,32.27,12.54,28.95,19.78,24.38,1.76,0,0,0.00,5.06,1.71,0.59,21.82,13.99,4.27,7.11,10.45,0.05,306.59,8501703,8115695,386008,4.50,37950.05,725025
2004,10,9.00,8822.33,7.64,6669.40,22.48,0,53.418,0,30.30,8.29,25.88,15.62,20.75,0.18,0,0,0.00,4.00,1.35,0.35,18.78,13.88,2.74,5.18,8.09,9.57,183.99,8523771,8140931,382840,4.50,37950.05,725025
2004,11,9.12,7321.91,7.61,6346.71,31.18,0,59.041,0,27.96,1.54,21.04,10.22,15.64,0.00,0,0,2.00,3.35,1.29,0.76,15.07,14.61,3.12,5.55,8.46,89.54,69.02,8544149,8166083,378066,4.40,37950.05,725025
2004,12,8.87,7776.42,7.83,6461.04,31.18,0,46.106,0,27.32,0.14,21.92,11.20,16.55,0.00,0,0,2.00,2.65,1.18,0.53,9.96,14.40,3.19,5.70,8.74,323.57,21.67,8564423,8192716,371707,4.30,37950.05,725025
2005,1,9.21,8226.31,7.92,5845.42,36.01,0,58.959,0,27.28,3.59,22.56,11.51,17.03,0.00,0,0,0.47,3.24,1.29,0.71,11.10,13.75,3.23,5.72,8.55,278.68,15.62,8585801,8222071,363730,4.20,39338.10,773322
2005,2,9.38,7352.63,8.08,5512.91,56.56,0,138.929,0,30.36,5.00,23.52,12.78,18.16,0.29,0,0,0.35,7.47,3.35,1.76,10.94,13.56,3.18,5.72,8.35,225.12,8.86,8608744,8254312,354432,4.10,39338.10,773322
2005,3,9.55,6920.88,8.19,5651.48,48.02,0,124.094,0,30.26,8.42,25.96,14.31,20.14,0.06,0,0,0.00,5.12,2.41,1.59,11.66,13.64,3.31,6.19,9.19,204.70,40.09,8634203,8289886,344317,4.00,39338.10,773322
2005,4,9.66,6570.27,8.19,5822.66,42.12,0,110.353,0.18,33.78,13.85,29.14,19.16,24.15,4.59,0,0,0.00,6.29,3.24,1.47,12.60,14.75,3.59,6.48,9.02,81.96,45.76,8663272,8329149,334123,3.90,39338.10,773322
2005,5,9.64,7002.83,8.18,6149.53,73.36,0,320.653,0,34.01,20.43,30.75,22.96,26.86,7.82,0,0,0.00,15.00,8.53,4.18,17.67,14.04,2.92,5.63,8.40,10.94,178.86,8695190,8371173,324017,3.70,39338.10,773322
2005,6,9.56,9084.64,8.07,6758.87,50.42,0,151.588,0,35.79,21.99,33.03,24.65,28.85,24.12,0,0,0.00,9.00,3.82,1.53,21.97,13.98,2.86,5.91,9.33,0.00,298.68,8726824,8411709,315115,3.60,39338.10,773322
2005,7,9.58,10732.04,7.99,7421.56,52.15,0,183.676,0,35.40,22.13,33.22,24.58,28.91,26.35,0,0,0.00,11.41,4.29,1.88,23.03,14.00,2.80,5.66,9.30,0.06,410.84,8754904,8446384,308520,3.50,39338.10,773322
2005,8,9.66,11103.16,8.12,7365.56,45.95,0,136.447,0,34.86,20.41,32.24,23.28,27.74,17.94,0,0,0.00,6.88,3.59,1.65,23.08,14.03,2.42,5.51,9.43,0.00,408.01,8777740,8473795,303945,3.50,39338.10,773322
2005,9,9.69,10949.65,8.14,7443.75,45.72,0,144.165,0,32.87,8.52,28.64,19.54,24.09,3.88,0,0,0.00,7.88,3.41,1.82,21.38,13.51,2.99,5.54,8.58,0.02,338.95,8795704,8495150,300554,3.40,39338.10,773322
2005,10,9.80,9170.14,8.27,6875.16,31.31,0,73.365,0,29.92,6.64,25.95,15.68,20.81,0.12,0,0,0.12,4.06,2.06,0.94,17.54,13.93,3.27,5.72,8.83,56.35,194.12,8810656,8513684,296972,3.40,39338.10,773322
2005,11,9.91,6899.11,8.46,5960.60,34.23,0,68.988,0,26.86,3.36,20.95,10.02,15.48,0.00,0,0,0.88,4.59,1.29,0.71,14.74,14.11,3.16,5.52,8.37,91.54,65.64,8824665,8531999,292666,3.30,39338.10,773322
2005,12,9.81,7572.01,8.31,6102.52,24.42,0,39.182,0,27.86,1.89,22.72,11.46,17.09,0.00,0,0,0.94,2.76,0.59,0.29,9.53,14.19,3.01,5.40,8.19,326.97,12.15,8839363,8551488,287875,3.30,39338.10,773322
2006,1,11.04,8070.41,9.71,5822.80,56.67,0,97.035,0,28.31,-0.48,21.74,9.61,15.68,0.00,0,0,1.94,4.06,2.18,1.29,10.75,14.08,3.34,5.96,8.72,241.80,17.33,8857207,8573792,283415,3.20,40971.13,800215
2006,2,11.15,7030.70,10,5451.99,9.11,0,10.494,0,30.82,5.55,25.25,13.01,19.13,0.29,0,0,0.24,0.82,0.24,0.12,9.04,13.99,3.19,5.91,8.51,276.59,11.06,8879126,8598835,280291,3.20,40971.13,800215
2006,3,11.20,6707.48,9.98,5576.41,20.72,0,36.571,0,32.54,11.92,28.88,17.44,23.16,3.29,0,0,0.00,2.29,1.00,0.41,11.12,14.46,3.57,6.28,8.37,142.13,35.81,8904085,8624777,279308,3.10,40971.13,800215
2006,4,11.30,6891.36,9.96,5902.71,40.05,0,80.518,0,34.84,13.68,30.60,19.12,24.85,10.59,0,0,0.00,4.59,1.82,0.82,15.47,14.24,3.61,6.37,8.65,16.90,118.49,8930148,8649505,280643,3.10,40971.13,800215
2006,5,11.31,7961.80,9.91,6392.15,57.81,0,158.865,0,35.33,18.69,32.06,22.54,27.30,17.41,0,0,0.00,8.00,3.65,1.88,17.10,14.15,3.05,5.91,8.18,5.19,208.84,8956067,8672637,283430,3.20,40971.13,800215
2006,6,11.39,9699.61,9.9,6958.12,47.29,0,175.100,0,34.84,20.56,32.55,23.45,28.00,19.71,0,0,0.00,10.59,4.65,2.06,20.57,13.91,3.05,6.22,8.79,0.00,325.60,8980865,8694097,286768,3.20,40971.13,800215
2006,7,11.40,10531.15,9.85,7198.20,51.67,0,179.476,0,35.76,21.32,33.01,23.86,28.44,23.94,0,0,0.00,10.35,4.88,2.00,21.93,14.60,2.68,6.02,8.86,0.00,371.81,9005742,8715851,289891,3.20,40971.13,800215
2006,8,11.47,11106.77,9.95,7340.23,58.77,0,190.812,0,33.91,17.25,31.55,22.26,26.90,13.18,0,0,0.00,8.65,4.59,2.35,22.27,14.61,2.58,5.80,8.81,0.00,391.43,9031648,8738246,293402,3.20,40971.13,800215
2006,9,11.47,10297.72,9.9,7237.08,28.24,0,50.206,0,32.97,8.66,28.89,17.81,23.35,4.59,0,0,0.00,3.29,1.12,0.65,20.63,14.47,2.42,5.25,8.19,2.98,299.67,9057913,8760229,297684,3.30,40971.13,800215
2006,10,11.45,8668.23,9.96,6695.51,27.36,0,52.776,0,29.71,4.58,23.92,13.34,18.62,0.06,0,0,0.00,3.12,1.35,0.65,16.20,14.71,2.93,5.21,7.88,42.46,177.61,9083590,8781154,302436,3.30,40971.13,800215
2006,11,11.41,7215.60,9.95,6249.16,52.29,0,100.294,0,28.20,4.96,23.92,14.54,19.23,0.00,0,0,1.06,4.41,2.35,1.12,12.45,14.67,3.24,5.67,8.39,175.62,45.35,9106522,8798869,307653,3.40,40971.13,800215
2006,12,11.19,7402.83,9.86,6085.66,18.09,0,53.529,0,28.13,2.59,22.31,12.59,17.45,0.00,0,0,1.12,4.71,1.18,0.29,13.64,14.24,3.24,5.56,8.39,167.00,47.95,9124052,8810905,313147,3.40,40971.13,800215
2007,1,11.06,7773.17,9.63,6180.64,39.75,0,67.518,0,28.67,0.40,21.54,9.79,15.66,0.00,0,0,1.76,3.82,1.41,0.71,11.51,14.70,3.15,5.57,8.25,240.48,37.64,9134930,8815739,319191,3.50,41137.50,803690
2007,2,10.99,7519.27,9.85,5493.30,20.65,0,36.053,0,30.52,5.46,25.73,14.18,19.96,0.12,0,0,0.35,2.71,0.82,0.35,8.86,14.48,3.09,5.72,8.49,284.63,13.65,9140493,8814183,326310,3.60,41137.50,803690
2007,3,11.16,6889.21,9.9,5588.23,26.53,0,52.776,0,32.37,7.22,26.86,15.06,20.96,1.35,0,0,0.06,3.88,1.29,0.53,12.06,14.69,3.47,6.06,8.58,117.93,43.02,9142170,8807636,334534,3.70,41137.50,803690
2007,4,11.23,6686.95,9.88,5795.50,18.58,0,44.012,0,33.06,13.26,29.84,18.81,24.32,5.18,0,0,0.00,3.06,1.35,0.41,12.62,15.00,3.42,6.09,8.72,78.15,79.07,9142003,8798066,343937,3.80,41137.50,803690
2007,5,11.18,7538.14,9.75,6213.31,59.75,0,186.653,0,35.62,18.29,31.79,22.18,26.98,14.47,0,0,0.00,8.82,4.29,2.24,16.24,14.00,3.59,6.29,9.06,3.04,180.93,9141715,8786829,354886,3.90,41137.50,803690
2007,6,11.23,8925.34,9.72,6670.16,61.62,0,224.876,0,35.20,21.24,32.84,23.72,28.29,24.00,0,0,0.00,12.06,5.76,3.06,20.91,14.74,2.81,5.89,9.12,0.07,299.96,9142613,8775500,367113,4.00,41137.50,803690
2007,7,11.29,10439.66,9.67,7054.37,50.91,0,135.841,0,36.22,22.16,33.58,24.43,29.02,26.71,0,0,0.00,7.47,3.18,1.82,22.13,15.02,2.24,5.55,9.01,0.00,374.99,9145503,8765230,380273,4.20,41137.50,803690
2007,8,11.28,11222.56,9.68,7310.01,49.47,0,166.072,0,34.40,20.13,31.88,22.97,27.41,16.41,0,0,0.00,10.17,4.50,1.89,22.71,14.55,2.30,5.18,8.43,0.00,421.87,9151161,8757015,394146,4.30,41137.50,803690
2007,9,11.30,10831.05,9.62,7363.32,61.78,0,174.494,0,32.88,16.24,29.46,21.53,25.49,4.41,0,0,0.00,9.56,4.39,1.83,21.70,15.13,2.73,5.80,8.92,0.00,318.04,9159913,8751836,408077,4.50,41137.50,803690
2007,10,11.31,9122.99,9.77,6833.87,20.13,0,34.867,0,28.75,6.16,24.99,13.83,19.42,0.00,0,0,0.47,2.50,0.94,0.39,19.74,15.11,3.41,5.89,8.95,19.52,239.63,9170550,8748573,421977,4.60,41137.50,803690
2007,11,11.34,7399.71,9.86,6309.39,24.34,0,47.833,0,28.62,4.21,24.45,13.88,19.16,0.00,0,0,0.59,3.22,0.89,0.44,13.01,14.98,2.85,5.21,8.11,141.07,44.01,9181161,8745698,435463,4.70,41137.50,803690
2007,12,11.19,7235.60,9.68,6097.92,28.70,0,73.178,0,27.09,-0.88,21.20,10.33,15.76,0.00,0,0,2.47,5.39,2.00,0.72,14.02,14.07,2.57,4.95,7.97,169.07,43.94,9190512,8741669,448843,4.90,41137.50,803690
2008,1,11.05,8346.39,9.63,6191.09,51.56,0,114.433,0,28.89,3.14,24.11,12.47,18.29,0.00,0,0,1.18,5.56,2.67,1.17,9.72,14.56,3.16,5.80,8.85,314.12,13.40,9196485,8733489,462996,5.00,39992.22,770940
2008,2,10.96,7201.00,9.65,5740.19,42.64,0,95.906,0,30.21,5.43,24.67,13.48,19.08,0.12,0,0,0.24,5.33,2.50,1.39,11.94,14.70,2.94,5.70,8.74,189.45,34.92,9198724,8719858,478866,5.20,39992.22,770940
2008,3,11.16,6842.21,9.83,5737.72,43.47,0,77.594,0,30.96,7.49,27.07,16.14,21.62,0.12,0,0,0.00,3.89,1.94,1.11,12.11,14.96,3.42,6.20,9.25,154.44,36.22,9198990,8701011,497979,5.40,39992.22,770940
2008,4,11.31,6979.79,9.86,5921.83,24.51,0,45.961,0,34.61,13.63,30.65,19.88,25.26,9.29,0,0,0.00,3.33,1.22,0.44,14.27,15.21,3.19,5.97,8.92,59.35,76.83,9199382,8678489,520893,5.70,39992.22,770940
2008,5,11.40,7826.73,9.95,6333.88,48.26,0,174.389,0,34.93,20.11,32.42,22.66,27.54,18.06,0,0,0.00,10.17,4.83,2.00,17.69,15.13,3.37,6.09,8.85,2.99,224.32,9201544,8654457,547087,5.90,39992.22,770940
2008,6,11.58,10085.74,9.98,7073.46,48.91,0,217.272,0,34.53,20.52,32.12,23.21,27.68,16.82,0,0,0.00,11.94,6.33,3.00,21.03,15.15,2.47,5.99,9.31,0.08,316.62,9206175,8630845,575330,6.20,39992.22,770940
2008,7,11.75,10293.86,10.1,7064.96,91.47,0,273.528,0,35.14,21.08,31.99,23.86,27.92,17.18,0,0,0.00,12.22,5.33,2.89,21.87,14.97,2.18,5.56,9.16,0.00,335.00,9211717,8607303,604414,6.60,39992.22,770940
2008,8,12.11,10481.27,10.5,7061.54,37.86,0,98.633,0,33.69,17.24,31.38,23.02,27.19,11.53,0,0,0.00,6.39,2.50,1.00,22.41,14.71,2.94,6.07,9.97,0.00,351.32,9215703,8581875,633828,6.90,39992.22,770940
2008,9,12.08,10616.79,10.37,7290.64,43.36,0,114.828,0,32.19,6.28,28.01,18.24,23.14,1.53,0,0,0.12,6.28,3.11,1.50,21.10,15.33,3.13,5.64,8.83,0.80,303.43,9216123,8550909,665214,7.20,39992.22,770940
2008,10,12.09,8505.39,10.52,6553.44,21.76,0,36.178,0,30.72,3.40,23.59,11.65,17.64,0.18,0,0,1.18,2.56,0.83,0.33,16.11,15.34,3.17,5.62,8.61,67.49,151.22,9211877,8511125,700752,7.60,39992.22,770940
2008,11,11.97,6875.92,10.53,6048.96,27.84,0,39.367,0,28.01,3.70,23.38,12.47,17.91,0.12,0,0,1.12,2.72,0.94,0.28,10.87,15.48,2.84,5.25,8.30,233.60,28.49,9202528,8461341,741187,8.10,39992.22,770940
2008,12,11.98,7528.57,10.57,5892.31,18.31,0,37.067,0,27.41,-1.04,21.33,9.02,15.17,0.00,0,0,3.47,3.28,0.83,0.39,12.18,14.57,2.84,5.35,8.41,212.49,16.43,9189256,8403601,785655,8.50,39992.22,770940
2009,1,12.58,7855.44,11.07,6067.19,18.87,0,28.000,0,27.96,-1.63,21.69,8.99,15.35,0.00,0,0,2.88,1.89,0.72,0.22,8.57,14.91,2.86,5.51,8.49,341.92,7.48,9174390,8342876,831514,9.10,37479.48,722825
2009,2,12.74,7772.40,11.38,5494.85,30.54,0,65.589,0,30.42,2.94,25.32,13.56,19.44,0.18,0,0,0.59,3.50,1.67,0.94,7.80,15.34,3.07,5.71,8.61,298.68,3.79,9161031,8285939,875092,9.60,37479.48,722825
2009,3,12.60,6660.65,11.16,5550.77,42.43,0,81.433,0,31.94,6.64,27.43,16.15,21.79,1.35,0,0,0.06,3.00,1.50,0.89,12.36,15.14,3.36,6.14,8.95,145.89,31.40,9151372,8239221,912151,10.00,37479.48,722825
2009,4,12.38,6646.80,10.89,5879.79,72.14,0,253.417,0,33.75,16.54,30.02,20.52,25.26,6.88,0,0,0.00,10.78,6.06,2.78,14.36,15.23,3.64,6.50,9.51,54.53,87.50,9145102,8204633,940469,10.30,37479.48,722825
2009,5,12.26,7740.82,10.73,6326.43,40.74,0,149.139,0,36.60,19.39,32.75,23.22,27.99,19.59,0,0,0.00,8.83,3.83,1.94,19.31,15.18,3.02,5.98,9.11,5.09,213.19,9139428,8178608,960820,10.50,37479.48,722825
2009,6,12.23,9367.05,10.57,6845.36,42.90,0,178.594,0,34.97,20.39,32.52,23.63,28.06,20.41,0,0,0.00,11.39,5.00,1.89,21.76,14.92,2.54,5.67,9.21,0.00,352.22,9132122,8157108,975014,10.70,37479.48,722825
2009,7,12.36,10874.48,10.57,7233.42,40.73,0,161.006,0,34.86,21.04,32.61,24.00,28.31,22.47,0,0,0.00,11.67,3.89,1.61,22.13,15.27,2.26,5.49,9.12,0.00,370.43,9121295,8136019,985276,10.80,37479.48,722825
2009,8,12.25,10491.42,10.5,7087.87,60.16,0,171.383,0,33.78,17.38,31.65,23.19,27.42,13.41,0,0,0.00,9.78,4.11,1.89,22.45,15.29,2.19,5.27,8.81,0.00,372.50,9107134,8113635,993499,10.90,37479.48,722825
2009,9,12.34,10051.49,10.51,7161.17,27.07,0,64.033,0,34.01,9.21,29.81,20.11,24.96,9.35,0,0,0.00,3.94,1.67,0.67,21.99,15.33,2.20,4.94,8.15,1.05,315.81,9092846,8092134,1000712,11.00,37479.48,722825
2009,10,12.34,9089.24,10.63,6807.62,33.73,0,60.811,0,29.91,5.88,25.16,14.89,20.04,0.29,0,0,0.06,3.33,1.28,0.89,19.19,15.36,2.57,5.00,8.05,42.20,237.59,9082164,8074964,1007200,11.10,37479.48,722825
2009,11,12.49,7549.17,10.85,6290.85,49.66,0,131.278,0,28.92,3.29,21.89,12.41,17.15,0.06,0,0,0.65,6.83,3.11,1.78,14.02,15.12,2.74,5.03,8.08,145.48,59.02,9081076,8067589,1013487,11.20,37479.48,722825
2009,12,12.22,7484.72,10.63,6164.70,39.18,0,91.417,0,27.19,-3.26,18.28,6.69,12.48,0.00,0,0,7.00,5.17,2.39,1.06,12.38,14.79,3.09,5.61,8.86,275.24,39.37,9092393,8073744,1018649,11.20,37479.48,722825
2010,1,9.34,9665.20,7.52,6100.89,39.22,0,97.911,0,24.87,1.14,18.11,7.15,12.64,0.00,0,0,3.41,6.67,2.78,0.89,5.92,15.13,3.12,5.73,8.85,506.44,9.99,9114179,8093722,1020457,11.20,38088.52,723549
2010,2,11.49,7757.75,10.09,5541.87,59.14,0,148.706,0,27.28,2.42,21.50,10.24,15.86,0.00,0,0,0.82,6.39,4.00,1.61,6.10,15.39,3.17,6.00,9.11,439.27,3.42,9140677,8122875,1017802,11.10,38088.52,723549
2010,3,11.54,7412.44,10.16,5370.10,48.32,0,99.506,0,30.70,10.48,27.15,16.28,21.71,0.00,0,0,0.00,4.00,2.06,1.44,9.12,15.39,3.26,6.16,9.27,302.53,6.91,9167124,8155204,1011920,11.00,38088.52,723549
2010,4,11.63,5962.36,10.05,5662.50,36.89,0,84.822,0,34.66,17.65,30.99,21.58,26.29,10.71,0,0,0.00,4.44,2.06,1.06,15.12,15.33,3.13,5.76,8.60,40.37,60.08,9190963,8185992,1004971,10.90,38088.52,723549
2010,5,11.55,7346.30,9.94,6338.98,41.36,0,143.489,0,36.42,21.15,33.61,23.99,28.80,25.41,0,0,0.00,9.83,3.72,1.44,20.50,15.04,2.89,5.50,8.31,0.40,267.39,9210648,8211878,998770,10.80,38088.52,723549
2010,6,11.65,9723.47,9.79,7146.10,46.54,0,145.239,0,36.61,21.47,33.27,24.65,28.94,23.59,0,0,0.00,8.67,3.94,1.61,22.94,15.40,2.43,5.54,9.07,0.00,391.34,9226032,8229953,996079,10.80,38088.52,723549
2010,7,11.71,10644.43,9.81,7384.90,53.94,0,224.150,0,35.75,22.71,32.95,24.86,28.91,23.59,0,0,0.00,12.11,5.67,2.94,23.44,15.44,2.59,5.39,8.65,0.00,410.48,9238615,8240342,998273,10.80,38088.52,723549
2010,8,11.77,10777.47,9.86,7381.92,43.47,0,116.267,0,35.12,19.80,32.38,23.22,27.81,18.41,0,0,0.00,6.78,2.44,1.06,24.00,15.34,2.39,5.53,8.97,0.00,403.12,9250368,8246757,1003611,10.80,38088.52,723549
2010,9,11.73,10012.41,9.85,7314.92,5.60,0,11.750,0,32.28,12.59,29.48,17.65,23.55,1.88,0,0,0.00,1.39,0.22,0.00,21.91,15.42,2.61,5.32,8.42,0.24,332.23,9260711,8252260,1008451,10.90,38088.52,723549
2010,10,11.70,7806.73,10,6601.39,29.46,0,55.911,0,29.83,6.18,25.49,13.78,19.63,0.06,0,0,0.29,3.83,1.28,0.56,15.94,15.65,2.49,4.80,7.61,26.69,142.10,9269587,8260377,1009210,10.90,38088.52,723549
2010,11,11.70,6656.93,10.01,6081.64,13.98,0,28.428,0,26.39,-2.54,18.05,4.85,11.45,0.00,0,0,7.41,2.67,0.61,0.11,13.34,15.32,2.67,5.12,8.08,143.34,45.19,9276242,8272523,1003719,10.80,38088.52,723549
2010,12,11.68,7818.17,10.07,5984.81,40.49,0,98.850,0,26.59,-1.34,20.16,8.33,14.25,0.00,0,0,3.12,5.17,2.94,1.50,4.18,15.37,3.09,5.61,8.76,551.17,1.38,9280198,8287874,992324,10.70,38088.52,723549
2011,1,11.33,9199.06,9.77,5837.77,18.46,0,39.650,0,29.45,3.72,23.56,12.20,17.89,0.00,0,0,1.12,3.06,0.89,0.44,8.25,14.70,2.78,5.51,8.63,406.85,4.80,9289861,8311201,978660,10.50,38923.22,718872
2011,2,11.28,7314.52,9.91,5400.57,52.42,0,110.906,0,31.54,5.88,25.96,14.14,20.05,0.59,0,0,0.12,4.56,2.44,1.56,11.96,13.80,2.65,5.33,8.23,225.38,18.52,9291555,8327538,964017,10.40,38923.22,718872
2011,3,11.46,6285.01,9.92,5608.58,21.54,0,41.889,0,33.07,10.68,29.55,17.86,23.71,5.76,0,0,0.00,2.83,1.33,0.33,13.58,14.81,3.16,6.07,9.17,115.84,40.01,9290935,8339876,951059,10.20,38923.22,718872
2011,4,11.41,7128.55,9.77,6190.01,27.43,0,46.828,0,34.88,13.98,30.97,19.59,25.28,11.65,0,0,0.00,2.83,1.44,0.50,17.03,15.26,2.99,5.69,8.52,26.10,153.22,9288074,8347489,940585,10.10,38923.22,718872
2011,5,11.52,8176.14,9.88,6495.19,58.28,0,151.878,0,36.96,19.84,33.36,22.97,28.18,22.35,0,0,0.00,7.56,3.06,2.00,17.75,15.28,2.86,5.58,8.38,10.96,225.89,9285434,8353148,932286,10.00,38923.22,718872
2011,6,11.60,9971.90,9.76,7115.97,54.57,0,173.461,0,35.66,21.21,32.86,24.07,28.47,23.41,0,0,0.00,9.83,4.00,2.00,21.22,14.98,2.62,5.81,9.12,0.01,349.33,9285070,8361155,923915,10.00,38923.22,718872
2011,7,11.61,10547.07,9.75,7156.91,46.34,0,188.778,0,36.05,21.93,33.63,24.48,29.06,26.82,0,0,0.00,10.61,4.89,2.39,23.16,15.31,2.18,5.20,8.60,0.00,383.71,9288412,8375122,913290,9.80,38923.22,718872
2011,8,11.62,11195.19,9.85,7399.82,50.22,0,156.917,0,34.51,19.65,31.82,22.61,27.20,15.47,0,0,0.00,8.39,3.94,2.33,23.58,15.18,2.30,5.55,9.16,0.00,413.71,9295166,8395153,900013,9.70,38923.22,718872
2011,9,11.59,10438.00,9.71,7375.35,65.26,0,168.967,0,31.61,10.10,27.54,17.52,22.52,1.41,0,0,0.00,6.44,3.28,2.06,21.74,15.19,2.22,5.10,8.58,0.45,299.48,9303890,8419453,884437,9.50,38923.22,718872
2011,10,11.51,8063.35,9.94,6562.77,18.20,0,36.344,0,29.54,6.72,25.34,15.06,20.21,0.00,0,0,0.29,3.28,0.72,0.22,16.07,15.39,3.01,5.60,9.01,59.58,116.67,9312959,8445358,867601,9.30,38923.22,718872
2011,11,11.56,6491.78,10.07,5907.62,25.54,0,48.494,0,27.55,5.48,23.64,13.35,18.51,0.00,0,0,0.29,3.06,1.06,0.50,14.55,15.42,3.26,5.82,8.88,122.68,51.88,9319854,8469106,850748,9.10,38923.22,718872
2011,12,11.47,6773.09,9.94,5859.48,10.76,0,22.250,0,28.13,-0.27,22.50,10.01,16.24,0.00,0,0,2.53,1.89,0.67,0.06,13.20,15.12,2.91,5.36,8.37,196.68,24.57,9323847,8488734,835113,9.00,38923.22,718872
2012,1,11.55,7644.71,9.93,5710.56,29.11,0,64.783,0,29.60,0.82,23.90,13.97,18.94,0.06,0,0,0.94,3.78,1.78,0.83,9.77,14.88,2.51,5.17,8.22,294.42,10.11,9326488,8504662,821826,8.80,38869.94,731319
2012,2,11.33,6797.13,9.85,5609.67,32.25,0,62.483,0,30.55,7.06,27.42,16.62,22.03,0.06,0,0,0.00,3.78,1.61,0.56,13.22,14.50,2.87,5.46,8.60,171.84,27.60,9330306,8518777,811529,8.70,38869.94,731319
2012,3,11.09,7165.46,9.53,6039.92,36.23,0,83.511,0,32.29,9.55,28.15,16.86,22.51,1.76,0,0,0.00,4.56,2.22,1.11,15.41,15.04,3.20,5.99,9.02,45.30,67.27,9336049,8531496,804553,8.60,38869.94,731319
2012,4,11.42,7272.66,9.67,6094.85,59.65,0,151.278,0,34.75,17.09,30.71,20.72,25.72,9.24,0,0,0.00,7.50,3.44,1.83,14.96,15.41,3.04,5.87,8.85,31.79,89.95,9343328,8543158,800170,8.60,38869.94,731319
2012,5,11.00,8408.71,9.36,6756.32,128.37,0,319.689,0,34.57,19.19,30.95,22.59,26.77,10.24,0,0,0.00,10.67,6.06,3.50,19.48,15.29,2.71,5.66,8.73,0.36,231.83,9352722,8556212,796510,8.50,38869.94,731319
2012,6,11.49,9719.34,9.61,6896.68,43.99,0,164.089,0,35.01,21.42,32.59,23.74,28.17,20.65,0,0,0.00,8.67,4.50,2.22,21.29,15.14,3.13,6.13,9.51,0.01,281.92,9363737,8572197,791540,8.50,38869.94,731319
2012,7,11.31,10906.76,9.46,7309.04,64.81,0,284.728,0,34.34,21.51,32.05,23.81,27.92,18.94,0,0,0.00,13.61,7.28,3.33,22.83,15.40,2.20,5.39,8.76,0.00,358.73,9375654,8591475,784179,8.40,38869.94,731319
2012,8,11.49,11242.21,9.56,7284.82,49.03,0,151.633,0,33.78,18.43,31.35,22.68,27.01,10.12,0,0,0.00,8.44,3.94,1.89,23.07,15.20,2.53,5.79,9.48,0.51,338.26,9387808,8612803,775005,8.30,38869.94,731319
2012,9,11.60,9969.03,9.68,6997.81,37.31,0,97.239,0,32.42,9.12,28.46,19.35,23.91,1.88,0,0,0.00,5.94,2.56,1.17,21.66,15.39,2.34,5.14,8.28,0.27,279.63,9399827,8634225,765602,8.10,38869.94,731319
2012,10,11.53,8674.68,9.69,6579.52,6.74,0,11.128,0,28.46,5.54,23.67,12.24,17.95,0.00,0,0,0.41,1.44,0.11,0.00,17.72,15.37,2.99,5.63,8.91,45.42,162.06,9409185,8652885,756300,8.00,38869.94,731319
2012,11,11.82,6779.61,10.1,5748.44,25.64,0,62.072,0,28.24,1.89,23.46,12.34,17.91,0.00,0,0,1.24,4.44,1.78,0.28,11.73,14.98,2.57,4.88,7.61,215.48,12.49,9414404,8667436,746968,7.90,38869.94,731319
2012,12,11.38,7003.36,9.69,5882.40,7.90,0,17.294,0,28.48,5.46,24.06,13.63,18.84,0.00,0,0,0.18,2.22,0.17,0.06,12.77,14.51,2.61,5.16,8.11,230.21,24.75,9415471,8678497,736974,7.80,38869.94,731319
2013,1,11.20,7547.86,9.42,5792.03,37.71,0,90.111,0,29.12,1.77,23.39,12.11,17.75,0.00,0,0,1.12,4.61,1.89,0.89,13.55,14.44,2.76,5.29,8.57,184.83,27.61,9413545,8687417,726128,7.70,38401.04,749292
2013,2,11.28,6812.02,9.61,5522.58,21.46,0,36.156,0,29.73,2.09,22.28,9.70,16.01,0.29,0,0,1.00,2.72,0.78,0.33,11.18,14.96,2.87,5.68,8.96,220.81,24.35,9411761,8697259,714502,7.60,38401.04,749292
2013,3,11.09,7127.01,9.58,5648.22,44.41,0,104.489,0,31.92,11.66,27.87,17.71,22.79,0.94,0,0,0.00,6.06,2.61,1.50,7.45,15.50,3.13,6.06,9.04,316.65,10.97,9413743,8711150,702593,7.50,38401.04,749292
2013,4,11.05,7370.79,9.31,6062.79,57.79,0,146.144,0,33.32,12.48,29.09,18.92,23.99,4.41,0,0,0.00,6.72,3.39,1.83,16.88,15.21,3.07,5.94,8.95,43.29,98.89,9421285,8730021,691264,7.30,38401.04,749292
2013,5,11.22,7905.02,9.34,6506.11,58.01,0,221.650,0,34.41,21.44,31.71,23.46,27.57,14.29,0,0,0.00,11.61,5.61,2.94,17.54,15.30,2.84,5.80,8.86,17.55,154.38,9430924,8749680,681244,7.20,38401.04,749292
2013,6,11.20,9586.46,9.25,7030.57,75.47,0,302.744,0,34.29,21.61,31.54,23.52,27.53,12.76,0,0,0.00,15.72,7.44,3.72,22.58,15.32,2.50,5.67,9.12,0.00,310.47,9438799,8766396,672403,7.10,38401.04,749292
2013,7,11.27,10385.94,9.26,7035.93,48.69,0,189.922,0,34.76,21.68,32.46,24.19,28.33,21.29,0,0,0.00,11.39,4.89,1.83,22.77,15.04,2.40,5.85,9.62,0.01,308.01,9443105,8779304,663801,7.00,38401.04,749292
2013,8,11.26,10828.96,9.23,7383.96,56.37,0,183.294,0,34.19,20.19,31.54,22.89,27.21,13.71,0,0,0.00,9.94,4.61,2.44,23.05,15.21,2.15,5.30,9.00,0.00,351.94,9443588,8789570,654018,6.90,38401.04,749292
2013,9,11.58,10128.14,9.39,7025.52,27.99,0,48.144,0,32.45,13.44,29.29,19.65,24.47,2.76,0,0,0.00,2.94,1.06,0.44,21.98,15.32,2.21,5.24,8.88,0.01,284.71,9443548,8800233,643315,6.80,38401.04,749292
2013,10,11.25,8886.04,9.37,6740.68,43.20,0,92.244,0,30.37,3.68,25.49,16.15,20.82,0.06,0,0,0.47,5.17,2.11,1.28,18.24,15.43,2.28,4.64,7.85,29.97,166.78,9448481,8814472,634009,6.70,38401.04,749292
2013,11,11.47,7308.22,9.61,6065.91,31.23,0,63.744,0,29.12,6.84,24.42,14.22,19.31,0.00,0,0,0.47,3.56,1.50,0.78,14.61,15.32,3.34,5.89,9.35,131.30,65.26,9461929,8834001,627928,6.60,38401.04,749292
2013,12,11.31,7697.19,9.44,6095.73,33.49,0.227272727,101.656,0.208333333,27.26,-0.29,19.42,8.38,13.91,0.00,0.117647059,0,4.06,7.78,2.06,0.83,13.76,14.77,2.69,5.21,8.47,192.19,42.95,9483061,8857652,625409,6.60,38401.04,749292
2014,1,11.74,8106.08,9.62,5905.33,29.52,0,79.378,0,28.66,4.06,23.64,12.74,18.19,0.00,0,0,0.59,5.11,2.33,0.89,7.40,14.53,2.83,5.63,9.04,454.19,11.33,9507622,8882564,625058,6.60,39170.43,769662
2014,2,11.81,7889.37,10.13,5540.05,53.98,0,130.039,0,29.45,6.55,24.10,13.09,18.59,0.12,0,0,0.00,5.61,3.28,1.78,12.78,13.72,2.45,5.26,8.74,221.28,26.96,9529909,8905442,624467,6.60,39170.43,769662
2014,3,11.75,7058.10,10.01,5795.43,60.59,0,137.900,0,32.16,9.84,27.46,16.92,22.18,1.35,0,0,0.00,4.67,2.72,1.44,12.26,14.86,3.04,5.99,9.35,196.85,26.74,9545526,8923686,621840,6.50,39170.43,769662
2014,4,11.67,6989.11,9.8,6078.54,50.49,0,108.178,0,33.72,14.40,30.09,20.03,25.07,6.88,0,0,0.00,5.67,2.67,1.28,16.30,14.88,3.09,5.96,9.05,59.86,85.17,9553117,8937222,615895,6.40,39170.43,769662
2014,5,11.76,8126.12,9.79,6634.88,41.12,0,176.100,0,34.96,19.68,31.85,22.42,27.13,14.06,0,0,0.00,10.11,4.56,2.22,18.44,15.10,2.90,5.77,8.93,11.45,204.45,9555954,8949213,606741,6.30,39170.43,769662
2014,6,12.00,9218.26,9.84,6831.94,45.01,0,183.356,0,34.96,21.02,32.42,23.61,28.01,20.18,0,0,0.00,11.50,5.17,2.17,21.59,15.44,2.37,5.67,9.68,0.16,299.35,9559508,8963245,596263,6.20,39170.43,769662
2014,7,11.87,10490.84,9.72,7205.86,43.52,0,152.478,0,35.91,21.34,33.31,24.07,28.70,26.06,0,0,0.00,9.11,4.11,1.67,22.63,15.18,2.17,5.43,9.44,0.03,353.33,9565722,8979010,586712,6.10,39170.43,769662
2014,8,11.89,11080.32,9.69,7531.44,58.47,0,256.783,0,34.15,19.88,31.01,22.80,26.89,10.06,0,0,0.00,13.61,6.72,3.22,23.03,15.42,2.25,5.44,9.59,0.00,391.05,9575363,8995940,579423,6.10,39170.43,769662
2014,9,12.22,10098.41,9.94,7002.05,38.42,0,67.978,0,32.55,12.91,28.94,18.29,23.61,2.82,0,0,0.00,3.67,1.78,0.72,22.24,15.15,2.15,5.19,9.05,0.83,274.06,9586592,9012670,573922,6.00,39170.43,769662
2014,10,11.91,8403.81,9.9,6616.70,54.89,0,108.800,0,29.52,3.36,23.23,11.90,17.55,0.00,0,0,1.18,5.22,2.00,1.39,17.55,15.26,2.29,4.79,8.32,31.82,155.32,9596198,9027463,568735,5.90,39170.43,769662
2014,11,12.11,6774.81,10.17,5915.05,38.29,0,65.261,0,28.16,4.39,22.88,12.54,17.71,0.00,0,0,0.65,4.33,1.17,0.56,11.47,15.12,3.08,5.65,8.96,249.57,31.22,9601943,9039217,562726,5.90,39170.43,769662
2014,12,11.82,7348.43,9.92,5852.75,39.24,0,71.594,0,27.69,2.81,21.46,10.88,16.16,0.00,0,0,1.18,3.78,1.39,1.00,12.92,14.34,2.45,4.77,7.98,238.42,24.07,9604382,9048215,556167,5.80,39170.43,769662
2015,1,11.93,7386.65,9.91,5657.96,33.24,0,86.878,0,27.14,-0.01,20.43,9.15,14.79,0.00,0,0,2.12,5.22,2.67,1.22,10.56,14.70,2.98,5.59,8.66,321.54,19.39,9604335,9055046,549289,5.70,40121.88,799916
2015,2,12.09,6810.17,10.24,5196.07,20.97,0,43.622,0,31.48,7.21,26.93,16.45,21.69,0.65,0,0,0.06,3.44,1.11,0.28,8.59,14.84,3.31,6.14,9.28,339.15,6.53,9603129,9060680,542449,5.60,40121.88,799916
2015,3,11.63,7559.84,9.81,5837.76,40.05,0,111.006,0,32.85,15.06,29.16,20.03,24.59,2.71,0,0,0.00,7.17,3.06,1.28,16.06,14.14,2.88,5.54,8.59,86.13,75.03,9602394,9067122,535272,5.60,40121.88,799916
2015,4,11.70,7414.78,9.67,6255.60,33.49,0,74.650,0,34.18,14.77,30.82,20.68,25.76,9.24,0,0,0.00,5.22,1.89,0.67,19.19,14.83,2.75,5.57,8.73,5.70,163.08,9603228,9075792,527436,5.50,40121.88,799916
2015,5,11.59,8116.01,9.55,6531.28,37.91,0,135.611,0,35.39,20.39,32.44,23.08,27.75,17.24,0,0,0.00,9.22,3.56,1.22,19.11,15.49,2.97,5.75,8.65,3.44,241.02,9606719,9087548,519171,5.40,40121.88,799916
2015,6,11.71,9483.18,9.57,6883.87,48.12,0,202.817,0,35.76,21.24,32.96,23.96,28.45,22.41,0,0,0.00,12.33,5.17,2.33,22.28,15.49,2.43,5.70,9.23,0.00,333.89,9613953,9102926,511027,5.30,40121.88,799916
2015,7,11.94,10457.54,9.56,7066.37,61.41,0,230.022,0,35.16,21.18,32.68,23.84,28.25,22.47,0,0,0.00,12.11,6.06,2.89,23.25,15.26,2.42,5.96,9.83,0.00,375.38,9626928,9122883,504045,5.20,40121.88,799916
2015,8,11.77,10394.76,9.54,7294.06,52.39,0,190.167,0,34.24,19.74,31.38,23.12,27.24,12.71,0,0,0.00,11.67,4.83,2.33,23.42,15.25,2.24,5.58,9.52,0.00,371.68,9645121,9146053,499068,5.20,40121.88,799916
2015,9,11.81,9736.11,9.59,6978.18,27.19,0,58.989,0,32.26,16.08,28.95,19.92,24.44,1.71,0,0,0.00,4.61,1.06,0.50,22.61,15.21,2.22,5.10,8.83,0.31,298.55,9665972,9169927,496045,5.10,40121.88,799916
2015,10,11.61,8208.41,9.58,6540.75,49.01,0,108.589,0,31.84,8.99,27.46,18.77,23.11,1.06,0,0,0.00,5.56,2.39,1.56,18.84,15.42,2.87,5.38,8.58,13.84,167.32,9687166,9192930,494236,5.10,40121.88,799916
2015,11,11.69,7550.89,9.57,6258.95,34.52,0,94.678,0,29.33,8.39,25.95,17.39,21.66,0.00,0,0,0.06,5.11,2.00,1.28,18.33,14.90,3.00,5.48,8.78,56.90,137.64,9706717,9213639,493078,5.10,40121.88,799916
