<?xml version="1.0" encoding="UTF-8"?>

<!-- spring 폴더는 해당 프로젝트에 설정을 모아노은 곳  -->


<beans xmlns="http://www.springframework.org/schema/beans"
    xmlns:xsi="http://www.w3.org/2001/XMLSchema-instance"
    xmlns:beans="http://www.springframework.org/schema/beans"
    xmlns:context="http://www.springframework.org/schema/context"
    xmlns:mvc="http://www.springframework.org/schema/mvc"
    xmlns:tx="http://www.springframework.org/schema/tx"
    xsi:schemaLocation="http://www.springframework.org/schema/mvc http://www.springframework.org/schema/mvc/spring-mvc-4.3.xsd
        http://www.springframework.org/schema/beans http://www.springframework.org/schema/beans/spring-beans.xsd
        http://www.springframework.org/schema/context http://www.springframework.org/schema/context/spring-context-4.3.xsd
        http://www.springframework.org/schema/tx http://www.springframework.org/schema/tx/spring-tx-4.3.xsd">

<!-- appServlet: 형식상 어플이 돌아가는 서블랫 (기본 형식이라 생각할 것)  -->
	<!-- survlet-context 이 안에 설정 요소들이 들어있다.: 스프링 안에 있는것이 전부다 설정 파일/ 서블릿 컨텍스트라는 파일에 설정을 한다고 web.xml에 선언 되어있음 -->
    <context:component-scan base-package="com.testSpring"/>

    <mvc:annotation-driven />

    <mvc:resources location="/resources/" 
        mapping="/resources/**"/>

    <bean id="multipartResolver" class="org.springframework.web.multipart.commons.CommonsMultipartResolver"> <!-- multipartResolver: 파일 전송을 할 수 있게 설정  -->
        <property name="maxUploadSize" value="104857600"/>
        <property name="defaultEncoding" value="UTF-8"/>
    </bean>

    <bean id="viewResolver"
    class="org.springframework.web.servlet.view.InternalResourceViewResolver"> <!-- viewResolver: jsp 파일들을 어디에 넣을 것인지 설정  -->
        <property name="prefix" value="/WEB-INF/views/" /><!--"/WEB-INF/views/"에 넣겠다.  -->
        <property name="suffix" value=".jsp"/>
    </bean>


</beans>