<?xml version="1.0" encoding="UTF-8"?>
<!DOCTYPE mapper PUBLIC
 "-//mybatis.org//DTD Mapper 3.0//EN"
  "http://mybatis.org/dtd/mybatis-3-mapper.dtd">
  
  <!-- home_mapper: spl문을 실행시키는 역할  (select * from product)같은 것 -->
<mapper namespace="com.testSpring">
	
	<resultMap type="com.testSpring.model.HomeVo" id="homeResultMap">
		<id column="id" property="id" /> <!--column: 데이터베이스에 있는 컬럼 명이 들어감, property: Vo에 만들었던 변수 명이 들어감  --><!-- id는 프라이머리 키라서 id column= 에 넣는다. -->
		<result column="datetime" property="datetime"/> <!--추가할 때 따옴표 안에 절때 공백 없어야 함  -->
		<result column="electric" property="electric"/>
		<result column="humid" property="humid"/>
		<result column="location" property="location"/>
		<result column="name" property="name"/>
		<result column="temp" property="temp"/>

		
		
		
	</resultMap>
	<select id="homeTest" resultMap="homeResultMap"> <!--<select 쿼리문 안의 select를 사용하겠다. id = mapper에서 이 id를 호출하면 이 안의 쿼리문이 select되서 실행된다. -->
		SELECT * FROM product <!--SELECT = 조회      UPDATE = 수정 INSERT = 삽입      --> <!-- 소문자를 대문자로 바꾸는 단축키 ctrl + y  -->
		<!--SELECT를 하고 싶으면 <select>  (내용)  </select> 를 해야 한다.  -->
		<!--UPDATE를 하고 싶으면 <update>  (내용)  </update> 를 해야 한다.  -->
		
	
	</select>
   	
</mapper>
