{
    "type": "FeatureCollection",
    "crs": {
        "type": "name",
        "properties": {
            "name": "urn:ogc:def:crs:OGC:1.3:CRS84"
        }
    },
    "features": [
        {
            "type": "Feature",
            "properties": {
                "name": "London Heathrow - The National Galler"
            },
            "geometry": {
                "type": "Polygon",
                "coordinates": [
                    [
                        -0.45418,
                        51.470012
                    ],
                    [
                        -0.454211,
                        51.470131
                    ],
                    [
                        -0.454384,
                        51.471098
                    ],
                    [
                        -0.454381,
                        51.471164
                    ],
                    [
                        -0.454327,
                        51.471349
                    ],
                    [
                        -0.454235,
                        51.471511
                    ],
                    [
                        -0.454055,
                        51.471728
                    ],
                    [
                        -0.453995,
                        51.471801
                    ],
                    [
                        -0.453784,
                        51.471964
                    ],
                    [
                        -0.453531,
                        51.472142
                    ],
                    [
                        -0.453393,
                        51.472268
                    ],
                    [
                        -0.453247,
                        51.472459
                    ],
                    [
                        -0.453203,
                        51.472547
                    ],
                    [
                        -0.453126,
                        51.472833
                    ],
                    [
                        -0.453096,
                        51.473142
                    ],
                    [
                        -0.453018,
                        51.474092
                    ],
                    [
                        -0.453048,
                        51.479588
                    ],
                    [
                        -0.45305,
                        51.479771
                    ],
                    [
                        -0.453062,
                        51.480131
                    ],
                    [
                        -0.453088,
                        51.480273
                    ],
                    [
                        -0.453224,
                        51.480429
                    ],
                    [
                        -0.453293,
                        51.480481
                    ],
                    [
                        -0.453412,
                        51.480612
                    ],
                    [
                        -0.453527,
                        51.480814
                    ],
                    [
                        -0.453566,
                        51.480992
                    ],
                    [
                        -0.453554,
                        51.481264
                    ],
                    [
                        -0.453509,
                        51.481688
                    ],
                    [
                        -0.453468,
                        51.481818
                    ],
                    [
                        -0.453407,
                        51.481882
                    ],
                    [
                        -0.453348,
                        51.481936
                    ],
                    [
                        -0.453252,
                        51.481961
                    ],
                    [
                        -0.453091,
                        51.482023
                    ],
                    [
                        -0.45294,
                        51.482047
                    ],
                    [
                        -0.452689,
                        51.482055
                    ],
                    [
                        -0.452576,
                        51.482036
                    ],
                    [
                        -0.452487,
                        51.482007
                    ],
                    [
                        -0.452408,
                        51.481959
                    ],
                    [
                        -0.45232,
                        51.481899
                    ],
                    [
                        -0.451998,
                        51.481732
                    ],
                    [
                        -0.451829,
                        51.481658
                    ],
                    [
                        -0.451683,
                        51.481616
                    ],
                    [
                        -0.451201,
                        51.481551
                    ],
                    [
                        -0.450523,
                        51.481492
                    ],
                    [
                        -0.450107,
                        51.481439
                    ],
                    [
                        -0.449941,
                        51.481421
                    ],
                    [
                        -0.449873,
                        51.481401
                    ],
                    [
                        -0.449799,
                        51.481358
                    ],
                    [
                        -0.449411,
                        51.481335
                    ],
                    [
                        -0.448808,
                        51.48128
                    ],
                    [
                        -0.448775,
                        51.481277
                    ],
                    [
                        -0.448266,
                        51.48125
                    ],
                    [
                        -0.447883,
                        51.481227
                    ],
                    [
                        -0.446482,
                        51.481174
                    ],
                    [
                        -0.446175,
                        51.481161
                    ],
                    [
                        -0.446106,
                        51.481157
                    ],
                    [
                        -0.445943,
                        51.481148
                    ],
                    [
                        -0.44573,
                        51.481138
                    ],
                    [
                        -0.444039,
                        51.481065
                    ],
                    [
                        -0.443595,
                        51.48105
                    ],
                    [
                        -0.443053,
                        51.481028
                    ],
                    [
                        -0.441501,
                        51.480967
                    ],
                    [
                        -0.441061,
                        51.480952
                    ],
                    [
                        -0.440084,
                        51.480917
                    ],
                    [
                        -0.438322,
                        51.480854
                    ],
                    [
                        -0.437738,
                        51.480833
                    ],
                    [
                        -0.43706,
                        51.480809
                    ],
                    [
                        -0.436365,
                        51.480803
                    ],
                    [
                        -0.435762,
                        51.480781
                    ],
                    [
                        -0.434685,
                        51.480739
                    ],
                    [
                        -0.434526,
                        51.480733
                    ],
                    [
                        -0.434474,
                        51.480733
                    ],
                    [
                        -0.43437,
                        51.480729
                    ],
                    [
                        -0.434248,
                        51.480728
                    ],
                    [
                        -0.434087,
                        51.480721
                    ],
                    [
                        -0.433859,
                        51.480716
                    ],
                    [
                        -0.432507,
                        51.480653
                    ],
                    [
                        -0.43209,
                        51.480633
                    ],
                    [
                        -0.430616,
                        51.480605
                    ],
                    [
                        -0.429166,
                        51.480613
                    ],
                    [
                        -0.428842,
                        51.480614
                    ],
                    [
                        -0.428662,
                        51.48062
                    ],
                    [
                        -0.428534,
                        51.480624
                    ],
                    [
                        -0.426927,
                        51.480711
                    ],
                    [
                        -0.423574,
                        51.480936
                    ],
                    [
                        -0.423199,
                        51.480958
                    ],
                    [
                        -0.420965,
                        51.481127
                    ],
                    [
                        -0.420058,
                        51.481247
                    ],
                    [
                        -0.419707,
                        51.481289
                    ],
                    [
                        -0.41889,
                        51.481349
                    ],
                    [
                        -0.418234,
                        51.481354
                    ],
                    [
                        -0.417843,
                        51.481339
                    ],
                    [
                        -0.417772,
                        51.481335
                    ],
                    [
                        -0.417297,
                        51.481297
                    ],
                    [
                        -0.416834,
                        51.481241
                    ],
                    [
                        -0.416493,
                        51.481188
                    ],
                    [
                        -0.416303,
                        51.481154
                    ],
                    [
                        -0.415632,
                        51.481002
                    ],
                    [
                        -0.41371,
                        51.480495
                    ],
                    [
                        -0.412956,
                        51.480292
                    ],
                    [
                        -0.412701,
                        51.480221
                    ],
                    [
                        -0.412544,
                        51.480182
                    ],
                    [
                        -0.411713,
                        51.479952
                    ],
                    [
                        -0.411037,
                        51.479766
                    ],
                    [
                        -0.410861,
                        51.479717
                    ],
                    [
                        -0.410645,
                        51.479657
                    ],
                    [
                        -0.410473,
                        51.479609
                    ],
                    [
                        -0.410335,
                        51.479571
                    ],
                    [
                        -0.408895,
                        51.479174
                    ],
                    [
                        -0.407805,
                        51.478854
                    ],
                    [
                        -0.40721,
                        51.478683
                    ],
                    [
                        -0.405865,
                        51.478298
                    ],
                    [
                        -0.405215,
                        51.478099
                    ],
                    [
                        -0.404561,
                        51.47791
                    ],
                    [
                        -0.404432,
                        51.47791
                    ],
                    [
                        -0.404342,
                        51.477923
                    ],
                    [
                        -0.404253,
                        51.477953
                    ],
                    [
                        -0.404111,
                        51.477959
                    ],
                    [
                        -0.403919,
                        51.477926
                    ],
                    [
                        -0.403823,
                        51.477873
                    ],
                    [
                        -0.403769,
                        51.477817
                    ],
                    [
                        -0.403659,
                        51.477726
                    ],
                    [
                        -0.403509,
                        51.477633
                    ],
                    [
                        -0.403338,
                        51.477565
                    ],
                    [
                        -0.401197,
                        51.476979
                    ],
                    [
                        -0.400765,
                        51.476859
                    ],
                    [
                        -0.399162,
                        51.476413
                    ],
                    [
                        -0.397527,
                        51.475994
                    ],
                    [
                        -0.396928,
                        51.475854
                    ],
                    [
                        -0.396698,
                        51.475797
                    ],
                    [
                        -0.396574,
                        51.475766
                    ],
                    [
                        -0.396267,
                        51.475709
                    ],
                    [
                        -0.396163,
                        51.475702
                    ],
                    [
                        -0.39596,
                        51.475721
                    ],
                    [
                        -0.395893,
                        51.475753
                    ],
                    [
                        -0.395787,
                        51.475775
                    ],
                    [
                        -0.395641,
                        51.475807
                    ],
                    [
                        -0.395516,
                        51.475836
                    ],
                    [
                        -0.395409,
                        51.475787
                    ],
                    [
                        -0.395433,
                        51.475684
                    ],
                    [
                        -0.395379,
                        51.475633
                    ],
                    [
                        -0.395342,
                        51.475562
                    ],
                    [
                        -0.39514,
                        51.475459
                    ],
                    [
                        -0.394999,
                        51.475414
                    ],
                    [
                        -0.394585,
                        51.475319
                    ],
                    [
                        -0.394346,
                        51.475238
                    ],
                    [
                        -0.394205,
                        51.475199
                    ],
                    [
                        -0.393973,
                        51.475106
                    ],
                    [
                        -0.393543,
                        51.475007
                    ],
                    [
                        -0.393481,
                        51.474993
                    ],
                    [
                        -0.393304,
                        51.474955
                    ],
                    [
                        -0.393121,
                        51.474915
                    ],
                    [
                        -0.392946,
                        51.474875
                    ],
                    [
                        -0.392817,
                        51.474843
                    ],
                    [
                        -0.392631,
                        51.4748
                    ],
                    [
                        -0.392231,
                        51.474703
                    ],
                    [
                        -0.392083,
                        51.474666
                    ],
                    [
                        -0.392029,
                        51.474651
                    ],
                    [
                        -0.391718,
                        51.474568
                    ],
                    [
                        -0.390723,
                        51.474292
                    ],
                    [
                        -0.389897,
                        51.474079
                    ],
                    [
                        -0.389496,
                        51.473968
                    ],
                    [
                        -0.389319,
                        51.473925
                    ],
                    [
                        -0.388674,
                        51.473749
                    ],
                    [
                        -0.387918,
                        51.473512
                    ],
                    [
                        -0.387769,
                        51.473463
                    ],
                    [
                        -0.387405,
                        51.473337
                    ],
                    [
                        -0.38701,
                        51.473208
                    ],
                    [
                        -0.386854,
                        51.473156
                    ],
                    [
                        -0.386685,
                        51.473101
                    ],
                    [
                        -0.386576,
                        51.473065
                    ],
                    [
                        -0.386143,
                        51.472928
                    ],
                    [
                        -0.385749,
                        51.472811
                    ],
                    [
                        -0.385191,
                        51.472633
                    ],
                    [
                        -0.384887,
                        51.472532
                    ],
                    [
                        -0.38392,
                        51.472202
                    ],
                    [
                        -0.383709,
                        51.472123
                    ],
                    [
                        -0.383163,
                        51.471933
                    ],
                    [
                        -0.382429,
                        51.471679
                    ],
                    [
                        -0.381901,
                        51.471491
                    ],
                    [
                        -0.381531,
                        51.471359
                    ],
                    [
                        -0.381443,
                        51.471329
                    ],
                    [
                        -0.381109,
                        51.471203
                    ],
                    [
                        -0.380359,
                        51.470939
                    ],
                    [
                        -0.379669,
                        51.470687
                    ],
                    [
                        -0.379518,
                        51.47066
                    ],
                    [
                        -0.379465,
                        51.470608
                    ],
                    [
                        -0.37895,
                        51.470445
                    ],
                    [
                        -0.378789,
                        51.470394
                    ],
                    [
                        -0.378661,
                        51.470311
                    ],
                    [
                        -0.378679,
                        51.470264
                    ],
                    [
                        -0.378662,
                        51.469435
                    ],
                    [
                        -0.378688,
                        51.469295
                    ],
                    [
                        -0.378625,
                        51.468856
                    ],
                    [
                        -0.378568,
                        51.468475
                    ],
                    [
                        -0.378536,
                        51.468257
                    ],
                    [
                        -0.378509,
                        51.468073
                    ],
                    [
                        -0.378471,
                        51.467796
                    ],
                    [
                        -0.378423,
                        51.46735
                    ],
                    [
                        -0.378386,
                        51.467114
                    ],
                    [
                        -0.378349,
                        51.466678
                    ],
                    [
                        -0.378338,
                        51.466545
                    ],
                    [
                        -0.378301,
                        51.46611
                    ],
                    [
                        -0.378249,
                        51.465655
                    ],
                    [
                        -0.378228,
                        51.465467
                    ],
                    [
                        -0.378209,
                        51.465295
                    ],
                    [
                        -0.378161,
                        51.465024
                    ],
                    [
                        -0.377832,
                        51.464575
                    ],
                    [
                        -0.377517,
                        51.464107
                    ],
                    [
                        -0.377166,
                        51.463603
                    ],
                    [
                        -0.376998,
                        51.463398
                    ],
                    [
                        -0.376655,
                        51.462919
                    ],
                    [
                        -0.376342,
                        51.462448
                    ],
                    [
                        -0.376112,
                        51.462103
                    ],
                    [
                        -0.375818,
                        51.461688
                    ],
                    [
                        -0.375751,
                        51.461586
                    ],
                    [
                        -0.375728,
                        51.461558
                    ],
                    [
                        -0.375349,
                        51.461022
                    ],
                    [
                        -0.374951,
                        51.460449
                    ],
                    [
                        -0.374903,
                        51.460322
                    ],
                    [
                        -0.374677,
                        51.459983
                    ],
                    [
                        -0.374592,
                        51.459843
                    ],
                    [
                        -0.374289,
                        51.459401
                    ],
                    [
                        -0.374077,
                        51.459109
                    ],
                    [
                        -0.373903,
                        51.458872
                    ],
                    [
                        -0.373554,
                        51.458321
                    ],
                    [
                        -0.373006,
                        51.457474
                    ],
                    [
                        -0.372984,
                        51.457445
                    ],
                    [
                        -0.372612,
                        51.456959
                    ],
                    [
                        -0.372139,
                        51.456361
                    ],
                    [
                        -0.372042,
                        51.456224
                    ],
                    [
                        -0.371963,
                        51.456108
                    ],
                    [
                        -0.371891,
                        51.456003
                    ],
                    [
                        -0.370926,
                        51.454628
                    ],
                    [
                        -0.370859,
                        51.454536
                    ],
                    [
                        -0.370439,
                        51.454132
                    ],
                    [
                        -0.370393,
                        51.454099
                    ],
                    [
                        -0.36955,
                        51.45363
                    ],
                    [
                        -0.368932,
                        51.453353
                    ],
                    [
                        -0.368412,
                        51.45312
                    ],
                    [
                        -0.367548,
                        51.452821
                    ],
                    [
                        -0.367344,
                        51.452768
                    ],
                    [
                        -0.366947,
                        51.452695
                    ],
                    [
                        -0.366689,
                        51.452653
                    ],
                    [
                        -0.366433,
                        51.452637
                    ],
                    [
                        -0.366283,
                        51.452624
                    ],
                    [
                        -0.36594,
                        51.452616
                    ],
                    [
                        -0.36498,
                        51.452643
                    ],
                    [
                        -0.364356,
                        51.452672
                    ],
                    [
                        -0.362932,
                        51.452749
                    ],
                    [
                        -0.362586,
                        51.45277
                    ],
                    [
                        -0.362379,
                        51.45278
                    ],
                    [
                        -0.36221,
                        51.452793
                    ],
                    [
                        -0.362114,
                        51.452798
                    ],
                    [
                        -0.362031,
                        51.452804
                    ],
                    [
                        -0.360658,
                        51.452914
                    ],
                    [
                        -0.35977,
                        51.452986
                    ],
                    [
                        -0.359638,
                        51.453
                    ],
                    [
                        -0.359447,
                        51.453024
                    ],
                    [
                        -0.359018,
                        51.453067
                    ],
                    [
                        -0.358694,
                        51.453114
                    ],
                    [
                        -0.358208,
                        51.453203
                    ],
                    [
                        -0.357919,
                        51.453237
                    ],
                    [
                        -0.35777,
                        51.453255
                    ],
                    [
                        -0.357638,
                        51.453291
                    ],
                    [
                        -0.356722,
                        51.453535
                    ],
                    [
                        -0.356633,
                        51.453557
                    ],
                    [
                        -0.356269,
                        51.453659
                    ],
                    [
                        -0.35602,
                        51.453702
                    ],
                    [
                        -0.355547,
                        51.453763
                    ],
                    [
                        -0.354691,
                        51.453855
                    ],
                    [
                        -0.35389,
                        51.453876
                    ],
                    [
                        -0.351918,
                        51.453792
                    ],
                    [
                        -0.35031,
                        51.453826
                    ],
                    [
                        -0.349254,
                        51.453845
                    ],
                    [
                        -0.348952,
                        51.453814
                    ],
                    [
                        -0.348746,
                        51.453795
                    ],
                    [
                        -0.347823,
                        51.453758
                    ],
                    [
                        -0.347602,
                        51.453748
                    ],
                    [
                        -0.346824,
                        51.453746
                    ],
                    [
                        -0.34662,
                        51.453747
                    ],
                    [
                        -0.346189,
                        51.453761
                    ],
                    [
                        -0.345477,
                        51.453777
                    ],
                    [
                        -0.345092,
                        51.453788
                    ],
                    [
                        -0.344716,
                        51.45382
                    ],
                    [
                        -0.344544,
                        51.45383
                    ],
                    [
                        -0.344122,
                        51.453867
                    ],
                    [
                        -0.34392,
                        51.453901
                    ],
                    [
                        -0.343216,
                        51.454021
                    ],
                    [
                        -0.342614,
                        51.454141
                    ],
                    [
                        -0.342369,
                        51.45419
                    ],
                    [
                        -0.341474,
                        51.454371
                    ],
                    [
                        -0.340235,
                        51.45463
                    ],
                    [
                        -0.339919,
                        51.454717
                    ],
                    [
                        -0.339463,
                        51.454865
                    ],
                    [
                        -0.339084,
                        51.455003
                    ],
                    [
                        -0.338779,
                        51.455138
                    ],
                    [
                        -0.33871,
                        51.455165
                    ],
                    [
                        -0.338781,
                        51.455308
                    ],
                    [
                        -0.338854,
                        51.455535
                    ],
                    [
                        -0.338937,
                        51.455692
                    ],
                    [
                        -0.339167,
                        51.45591
                    ],
                    [
                        -0.339573,
                        51.456226
                    ],
                    [
                        -0.340172,
                        51.45668
                    ]
                ]
            }
        }
    ]
}