{
    "type": "FeatureCollection",
    "crs": {
        "type": "name",
        "properties": {
            "name": "urn:ogc:def:crs:OGC:1.3:CRS84"
        }
    },
    "features": [
        {
            "type": "Feature",
            "properties": {
                "name": "London Heathrow - The National Galler"
            },
            "geometry": {
                "type": "Polygon",
                "coordinates": [
                    [
                        -0.45418,
                        51.470012
                    ],
                    [
                        -0.454211,
                        51.470131
                    ],
                    [
                        -0.454384,
                        51.471098
                    ],
                    [
                        -0.454381,
                        51.471164
                    ],
                    [
                        -0.454327,
                        51.471349
                    ],
                    [
                        -0.454235,
                        51.471511
                    ],
                    [
                        -0.454055,
                        51.471728
                    ],
                    [
                        -0.453995,
                        51.471801
                    ],
                    [
                        -0.453784,
                        51.471964
                    ],
                    [
                        -0.453531,
                        51.472142
                    ],
                    [
                        -0.453393,
                        51.472268
                    ],
                    [
                        -0.453247,
                        51.472459
                    ],
                    [
                        -0.453203,
                        51.472547
                    ],
                    [
                        -0.453126,
                        51.472833
                    ],
                    [
                        -0.453096,
                        51.473142
                    ],
                    [
                        -0.453018,
                        51.474092
                    ],
                    [
                        -0.453048,
                        51.479588
                    ],
                    [
                        -0.45305,
                        51.479771
                    ],
                    [
                        -0.453062,
                        51.480131
                    ],
                    [
                        -0.453088,
                        51.480273
                    ],
                    [
                        -0.453224,
                        51.480429
                    ],
                    [
                        -0.453293,
                        51.480481
                    ],
                    [
                        -0.453412,
                        51.480612
                    ],
                    [
                        -0.453527,
                        51.480814
                    ],
                    [
                        -0.453566,
                        51.480992
                    ],
                    [
                        -0.453554,
                        51.481264
                    ],
                    [
                        -0.453509,
                        51.481688
                    ],
                    [
                        -0.453468,
                        51.481818
                    ],
                    [
                        -0.453407,
                        51.481882
                    ],
                    [
                        -0.453348,
                        51.481936
                    ],
                    [
                        -0.453268,
                        51.481994
                    ],
                    [
                        -0.453036,
                        51.482137
                    ],
                    [
                        -0.452985,
                        51.482187
                    ],
                    [
                        -0.452947,
                        51.482272
                    ],
                    [
                        -0.45292,
                        51.482379
                    ],
                    [
                        -0.452904,
                        51.482526
                    ],
                    [
                        -0.452717,
                        51.48456
                    ],
                    [
                        -0.452706,
                        51.484918
                    ],
                    [
                        -0.452736,
                        51.485594
                    ],
                    [
                        -0.452829,
                        51.486307
                    ],
                    [
                        -0.452929,
                        51.486801
                    ],
                    [
                        -0.4531,
                        51.4874
                    ],
                    [
                        -0.453566,
                        51.488738
                    ],
                    [
                        -0.453714,
                        51.489269
                    ],
                    [
                        -0.453813,
                        51.489788
                    ],
                    [
                        -0.45387,
                        51.49018
                    ],
                    [
                        -0.453906,
                        51.490679
                    ],
                    [
                        -0.453904,
                        51.491128
                    ],
                    [
                        -0.453849,
                        51.491854
                    ],
                    [
                        -0.453716,
                        51.493106
                    ],
                    [
                        -0.453699,
                        51.493249
                    ],
                    [
                        -0.453618,
                        51.49399
                    ],
                    [
                        -0.453609,
                        51.494079
                    ],
                    [
                        -0.453514,
                        51.494635
                    ],
                    [
                        -0.453521,
                        51.494752
                    ],
                    [
                        -0.453562,
                        51.494867
                    ],
                    [
                        -0.453708,
                        51.495034
                    ],
                    [
                        -0.453933,
                        51.495205
                    ],
                    [
                        -0.454428,
                        51.49532
                    ],
                    [
                        -0.454569,
                        51.495359
                    ],
                    [
                        -0.454716,
                        51.495384
                    ],
                    [
                        -0.454855,
                        51.4954
                    ],
                    [
                        -0.455013,
                        51.495416
                    ],
                    [
                        -0.455804,
                        51.495486
                    ],
                    [
                        -0.456745,
                        51.495557
                    ],
                    [
                        -0.457669,
                        51.495613
                    ],
                    [
                        -0.460512,
                        51.495732
                    ],
                    [
                        -0.461487,
                        51.495707
                    ],
                    [
                        -0.463005,
                        51.495608
                    ],
                    [
                        -0.464291,
                        51.495467
                    ],
                    [
                        -0.469739,
                        51.494793
                    ],
                    [
                        -0.471266,
                        51.494655
                    ],
                    [
                        -0.473867,
                        51.494469
                    ],
                    [
                        -0.475928,
                        51.494381
                    ],
                    [
                        -0.477438,
                        51.494347
                    ],
                    [
                        -0.47937,
                        51.494313
                    ],
                    [
                        -0.482595,
                        51.494117
                    ],
                    [
                        -0.483157,
                        51.494087
                    ],
                    [
                        -0.483577,
                        51.494077
                    ],
                    [
                        -0.485169,
                        51.494065
                    ],
                    [
                        -0.485681,
                        51.494078
                    ],
                    [
                        -0.486181,
                        51.49408
                    ],
                    [
                        -0.48688,
                        51.494099
                    ],
                    [
                        -0.487868,
                        51.494097
                    ],
                    [
                        -0.488257,
                        51.494072
                    ],
                    [
                        -0.488576,
                        51.494037
                    ],
                    [
                        -0.489294,
                        51.493925
                    ],
                    [
                        -0.489542,
                        51.49386
                    ],
                    [
                        -0.490226,
                        51.493653
                    ],
                    [
                        -0.491188,
                        51.493298
                    ],
                    [
                        -0.491608,
                        51.49311
                    ],
                    [
                        -0.492438,
                        51.492663
                    ],
                    [
                        -0.492896,
                        51.492356
                    ],
                    [
                        -0.493328,
                        51.492026
                    ],
                    [
                        -0.493668,
                        51.491719
                    ],
                    [
                        -0.494038,
                        51.491343
                    ],
                    [
                        -0.494357,
                        51.490995
                    ],
                    [
                        -0.49457,
                        51.49072
                    ],
                    [
                        -0.494801,
                        51.490371
                    ],
                    [
                        -0.495114,
                        51.489888
                    ],
                    [
                        -0.49542,
                        51.489332
                    ],
                    [
                        -0.496029,
                        51.488395
                    ],
                    [
                        -0.496531,
                        51.487729
                    ],
                    [
                        -0.496948,
                        51.487283
                    ],
                    [
                        -0.497278,
                        51.486891
                    ],
                    [
                        -0.497885,
                        51.486235
                    ],
                    [
                        -0.499131,
                        51.48499
                    ],
                    [
                        -0.500052,
                        51.484121
                    ],
                    [
                        -0.50041,
                        51.483767
                    ],
                    [
                        -0.50082,
                        51.483319
                    ],
                    [
                        -0.501373,
                        51.48268
                    ],
                    [
                        -0.501828,
                        51.482092
                    ],
                    [
                        -0.502076,
                        51.481736
                    ],
                    [
                        -0.502532,
                        51.481012
                    ],
                    [
                        -0.502691,
                        51.480727
                    ],
                    [
                        -0.503371,
                        51.479289
                    ],
                    [
                        -0.503515,
                        51.479
                    ],
                    [
                        -0.503694,
                        51.478451
                    ],
                    [
                        -0.503759,
                        51.478159
                    ],
                    [
                        -0.503844,
                        51.477815
                    ],
                    [
                        -0.503862,
                        51.477631
                    ],
                    [
                        -0.504363,
                        51.475275
                    ],
                    [
                        -0.504554,
                        51.474525
                    ],
                    [
                        -0.504828,
                        51.47366
                    ],
                    [
                        -0.505146,
                        51.472842
                    ],
                    [
                        -0.505491,
                        51.47208
                    ],
                    [
                        -0.506126,
                        51.470891
                    ],
                    [
                        -0.5068,
                        51.469838
                    ],
                    [
                        -0.507474,
                        51.468926
                    ],
                    [
                        -0.508181,
                        51.468069
                    ],
                    [
                        -0.508753,
                        51.467439
                    ],
                    [
                        -0.509754,
                        51.466442
                    ],
                    [
                        -0.510592,
                        51.465701
                    ],
                    [
                        -0.511798,
                        51.464725
                    ],
                    [
                        -0.514576,
                        51.46267
                    ],
                    [
                        -0.51487,
                        51.462401
                    ],
                    [
                        -0.515871,
                        51.461499
                    ],
                    [
                        -0.5161,
                        51.461314
                    ],
                    [
                        -0.516697,
                        51.460675
                    ],
                    [
                        -0.517189,
                        51.460112
                    ],
                    [
                        -0.51797,
                        51.459016
                    ],
                    [
                        -0.518345,
                        51.458368
                    ],
                    [
                        -0.518861,
                        51.457281
                    ],
                    [
                        -0.519409,
                        51.455865
                    ],
                    [
                        -0.520433,
                        51.453299
                    ],
                    [
                        -0.521173,
                        51.4519
                    ],
                    [
                        -0.52171,
                        51.451157
                    ],
                    [
                        -0.522214,
                        51.450548
                    ],
                    [
                        -0.522773,
                        51.449977
                    ],
                    [
                        -0.524187,
                        51.448758
                    ],
                    [
                        -0.524492,
                        51.448526
                    ],
                    [
                        -0.526144,
                        51.447358
                    ],
                    [
                        -0.526793,
                        51.446929
                    ],
                    [
                        -0.528091,
                        51.445831
                    ],
                    [
                        -0.528556,
                        51.445344
                    ],
                    [
                        -0.528921,
                        51.444919
                    ],
                    [
                        -0.529283,
                        51.444445
                    ],
                    [
                        -0.529692,
                        51.443836
                    ],
                    [
                        -0.529929,
                        51.443423
                    ],
                    [
                        -0.530095,
                        51.443102
                    ],
                    [
                        -0.531007,
                        51.441117
                    ],
                    [
                        -0.531746,
                        51.439866
                    ],
                    [
                        -0.53225,
                        51.439273
                    ],
                    [
                        -0.532969,
                        51.438577
                    ],
                    [
                        -0.533494,
                        51.438106
                    ],
                    [
                        -0.533867,
                        51.437794
                    ],
                    [
                        -0.535125,
                        51.436846
                    ],
                    [
                        -0.53591,
                        51.436277
                    ],
                    [
                        -0.53626,
                        51.435989
                    ],
                    [
                        -0.536651,
                        51.435644
                    ],
                    [
                        -0.536958,
                        51.435364
                    ],
                    [
                        -0.537099,
                        51.435225
                    ],
                    [
                        -0.537856,
                        51.434438
                    ],
                    [
                        -0.538729,
                        51.433355
                    ],
                    [
                        -0.539041,
                        51.432846
                    ],
                    [
                        -0.539543,
                        51.432061
                    ],
                    [
                        -0.539793,
                        51.431578
                    ],
                    [
                        -0.539935,
                        51.431274
                    ],
                    [
                        -0.540032,
                        51.431045
                    ],
                    [
                        -0.540262,
                        51.430447
                    ],
                    [
                        -0.540447,
                        51.429848
                    ],
                    [
                        -0.540596,
                        51.429201
                    ],
                    [
                        -0.540703,
                        51.428556
                    ],
                    [
                        -0.540766,
                        51.427894
                    ],
                    [
                        -0.540777,
                        51.427314
                    ],
                    [
                        -0.540747,
                        51.426694
                    ],
                    [
                        -0.540661,
                        51.425963
                    ],
                    [
                        -0.540618,
                        51.425721
                    ],
                    [
                        -0.540563,
                        51.425446
                    ],
                    [
                        -0.540026,
                        51.423459
                    ],
                    [
                        -0.539701,
                        51.422004
                    ],
                    [
                        -0.539537,
                        51.421126
                    ],
                    [
                        -0.539434,
                        51.420039
                    ],
                    [
                        -0.539452,
                        51.418612
                    ],
                    [
                        -0.539557,
                        51.417431
                    ],
                    [
                        -0.539745,
                        51.416422
                    ],
                    [
                        -0.540608,
                        51.41291
                    ],
                    [
                        -0.540709,
                        51.412363
                    ],
                    [
                        -0.540839,
                        51.410823
                    ],
                    [
                        -0.540816,
                        51.409975
                    ],
                    [
                        -0.540731,
                        51.409226
                    ],
                    [
                        -0.54055,
                        51.4082
                    ],
                    [
                        -0.540265,
                        51.407192
                    ],
                    [
                        -0.540015,
                        51.406409
                    ],
                    [
                        -0.539424,
                        51.405298
                    ],
                    [
                        -0.539135,
                        51.40475
                    ],
                    [
                        -0.539022,
                        51.404547
                    ],
                    [
                        -0.53891,
                        51.404342
                    ],
                    [
                        -0.538664,
                        51.403903
                    ],
                    [
                        -0.538432,
                        51.403547
                    ],
                    [
                        -0.537978,
                        51.403111
                    ],
                    [
                        -0.537385,
                        51.402737
                    ],
                    [
                        -0.536817,
                        51.40249
                    ],
                    [
                        -0.535742,
                        51.402148
                    ],
                    [
                        -0.535574,
                        51.40212
                    ],
                    [
                        -0.535026,
                        51.401973
                    ],
                    [
                        -0.533872,
                        51.401676
                    ],
                    [
                        -0.532756,
                        51.401429
                    ],
                    [
                        -0.532263,
                        51.401369
                    ],
                    [
                        -0.531705,
                        51.401332
                    ],
                    [
                        -0.530866,
                        51.401278
                    ],
                    [
                        -0.529698,
                        51.401245
                    ],
                    [
                        -0.528674,
                        51.401204
                    ],
                    [
                        -0.527671,
                        51.40115
                    ],
                    [
                        -0.525909,
                        51.400996
                    ],
                    [
                        -0.524714,
                        51.400882
                    ],
                    [
                        -0.523906,
                        51.400797
                    ],
                    [
                        -0.522411,
                        51.400641
                    ],
                    [
                        -0.522272,
                        51.400626
                    ],
                    [
                        -0.522162,
                        51.400615
                    ],
                    [
                        -0.520383,
                        51.40038
                    ],
                    [
                        -0.516254,
                        51.399725
                    ],
                    [
                        -0.512677,
                        51.399089
                    ],
                    [
                        -0.508529,
                        51.398226
                    ],
                    [
                        -0.499465,
                        51.3961
                    ],
                    [
                        -0.498105,
                        51.395806
                    ],
                    [
                        -0.496307,
                        51.395451
                    ],
                    [
                        -0.493489,
                        51.395002
                    ],
                    [
                        -0.491115,
                        51.39467
                    ],
                    [
                        -0.489067,
                        51.394415
                    ],
                    [
                        -0.487551,
                        51.394232
                    ],
                    [
                        -0.485639,
                        51.39407
                    ],
                    [
                        -0.484308,
                        51.394011
                    ],
                    [
                        -0.481322,
                        51.393843
                    ],
                    [
                        -0.4788,
                        51.393767
                    ],
                    [
                        -0.477553,
                        51.393742
                    ],
                    [
                        -0.476292,
                        51.393738
                    ],
                    [
                        -0.474025,
                        51.393742
                    ],
                    [
                        -0.471701,
                        51.393804
                    ],
                    [
                        -0.469206,
                        51.393938
                    ],
                    [
                        -0.467937,
                        51.394024
                    ],
                    [
                        -0.466662,
                        51.394116
                    ],
                    [
                        -0.465558,
                        51.394219
                    ],
                    [
                        -0.462966,
                        51.394481
                    ],
                    [
                        -0.462003,
                        51.394618
                    ],
                    [
                        -0.461111,
                        51.394779
                    ],
                    [
                        -0.459836,
                        51.395036
                    ],
                    [
                        -0.458906,
                        51.39528
                    ],
                    [
                        -0.456977,
                        51.395884
                    ],
                    [
                        -0.456425,
                        51.396102
                    ],
                    [
                        -0.454857,
                        51.396887
                    ],
                    [
                        -0.454337,
                        51.397219
                    ],
                    [
                        -0.453599,
                        51.397764
                    ],
                    [
                        -0.453195,
                        51.398106
                    ],
                    [
                        -0.45239,
                        51.398906
                    ],
                    [
                        -0.450814,
                        51.400731
                    ],
                    [
                        -0.450318,
                        51.401256
                    ],
                    [
                        -0.448271,
                        51.403156
                    ],
                    [
                        -0.446271,
                        51.404865
                    ],
                    [
                        -0.445041,
                        51.405849
                    ],
                    [
                        -0.443342,
                        51.407106
                    ],
                    [
                        -0.442304,
                        51.407822
                    ],
                    [
                        -0.441382,
                        51.408425
                    ],
                    [
                        -0.440417,
                        51.409028
                    ],
                    [
                        -0.439295,
                        51.409691
                    ],
                    [
                        -0.437911,
                        51.410461
                    ],
                    [
                        -0.436798,
                        51.411053
                    ],
                    [
                        -0.435432,
                        51.411752
                    ],
                    [
                        -0.434291,
                        51.412324
                    ],
                    [
                        -0.431792,
                        51.413493
                    ],
                    [
                        -0.430446,
                        51.414083
                    ],
                    [
                        -0.427716,
                        51.415204
                    ],
                    [
                        -0.426959,
                        51.415505
                    ],
                    [
                        -0.425578,
                        51.416048
                    ],
                    [
                        -0.424804,
                        51.416352
                    ],
                    [
                        -0.423819,
                        51.41674
                    ],
                    [
                        -0.423407,
                        51.416979
                    ],
                    [
                        -0.42311,
                        51.41713
                    ],
                    [
                        -0.422743,
                        51.417301
                    ],
                    [
                        -0.422222,
                        51.417569
                    ],
                    [
                        -0.420975,
                        51.418305
                    ],
                    [
                        -0.420361,
                        51.418705
                    ],
                    [
                        -0.420152,
                        51.418854
                    ],
                    [
                        -0.42006,
                        51.418933
                    ],
                    [
                        -0.419952,
                        51.419036
                    ],
                    [
                        -0.41998,
                        51.419088
                    ],
                    [
                        -0.41999,
                        51.419247
                    ],
                    [
                        -0.419956,
                        51.419372
                    ],
                    [
                        -0.419858,
                        51.419468
                    ],
                    [
                        -0.419651,
                        51.419605
                    ],
                    [
                        -0.419498,
                        51.419681
                    ],
                    [
                        -0.419323,
                        51.419725
                    ],
                    [
                        -0.419178,
                        51.419738
                    ],
                    [
                        -0.419003,
                        51.419741
                    ],
                    [
                        -0.418927,
                        51.419731
                    ],
                    [
                        -0.418681,
                        51.419672
                    ],
                    [
                        -0.418499,
                        51.419576
                    ],
                    [
                        -0.41838,
                        51.419471
                    ],
                    [
                        -0.418311,
                        51.419343
                    ],
                    [
                        -0.418279,
                        51.419234
                    ],
                    [
                        -0.418166,
                        51.419137
                    ],
                    [
                        -0.418042,
                        51.419075
                    ],
                    [
                        -0.417904,
                        51.419024
                    ],
                    [
                        -0.417834,
                        51.419009
                    ],
                    [
                        -0.41638,
                        51.418775
                    ],
                    [
                        -0.415738,
                        51.418698
                    ],
                    [
                        -0.414208,
                        51.41854
                    ],
                    [
                        -0.413742,
                        51.418501
                    ],
                    [
                        -0.4137,
                        51.418497
                    ],
                    [
                        -0.413579,
                        51.418488
                    ],
                    [
                        -0.413138,
                        51.418448
                    ],
                    [
                        -0.412919,
                        51.418428
                    ],
                    [
                        -0.412186,
                        51.418338
                    ],
                    [
                        -0.41149,
                        51.418242
                    ],
                    [
                        -0.411099,
                        51.418189
                    ],
                    [
                        -0.410875,
                        51.41816
                    ],
                    [
                        -0.409006,
                        51.417912
                    ],
                    [
                        -0.408978,
                        51.417909
                    ],
                    [
                        -0.408265,
                        51.417815
                    ],
                    [
                        -0.40785,
                        51.417756
                    ],
                    [
                        -0.407486,
                        51.417702
                    ],
                    [
                        -0.40734,
                        51.417654
                    ],
                    [
                        -0.407207,
                        51.41759
                    ],
                    [
                        -0.406956,
                        51.417427
                    ],
                    [
                        -0.406834,
                        51.417348
                    ],
                    [
                        -0.406406,
                        51.417003
                    ],
                    [
                        -0.406214,
                        51.416836
                    ],
                    [
                        -0.405844,
                        51.41652
                    ],
                    [
                        -0.40573,
                        51.416419
                    ],
                    [
                        -0.405492,
                        51.416209
                    ],
                    [
                        -0.405354,
                        51.416085
                    ],
                    [
                        -0.405142,
                        51.415846
                    ],
                    [
                        -0.405133,
                        51.415836
                    ],
                    [
                        -0.40498,
                        51.41568
                    ],
                    [
                        -0.40485,
                        51.415548
                    ],
                    [
                        -0.404674,
                        51.415351
                    ],
                    [
                        -0.404618,
                        51.415287
                    ],
                    [
                        -0.404385,
                        51.415047
                    ],
                    [
                        -0.404039,
                        51.414685
                    ],
                    [
                        -0.403806,
                        51.414442
                    ],
                    [
                        -0.403385,
                        51.414086
                    ],
                    [
                        -0.403244,
                        51.413975
                    ],
                    [
                        -0.403071,
                        51.413886
                    ],
                    [
                        -0.402855,
                        51.413793
                    ],
                    [
                        -0.402581,
                        51.413684
                    ],
                    [
                        -0.402184,
                        51.413576
                    ],
                    [
                        -0.401923,
                        51.413542
                    ],
                    [
                        -0.401515,
                        51.41356
                    ],
                    [
                        -0.401347,
                        51.413588
                    ],
                    [
                        -0.400756,
                        51.413695
                    ],
                    [
                        -0.400331,
                        51.413751
                    ],
                    [
                        -0.399969,
                        51.413755
                    ],
                    [
                        -0.399174,
                        51.413664
                    ],
                    [
                        -0.398663,
                        51.413588
                    ],
                    [
                        -0.397754,
                        51.413408
                    ],
                    [
                        -0.397405,
                        51.413364
                    ],
                    [
                        -0.397121,
                        51.41335
                    ],
                    [
                        -0.396842,
                        51.41335
                    ],
                    [
                        -0.396641,
                        51.413357
                    ],
                    [
                        -0.396129,
                        51.413417
                    ],
                    [
                        -0.395063,
                        51.413562
                    ],
                    [
                        -0.394254,
                        51.413672
                    ],
                    [
                        -0.394087,
                        51.4137
                    ],
                    [
                        -0.393405,
                        51.413783
                    ],
                    [
                        -0.393243,
                        51.41381
                    ],
                    [
                        -0.392023,
                        51.414062
                    ],
                    [
                        -0.390877,
                        51.414327
                    ],
                    [
                        -0.390381,
                        51.414403
                    ],
                    [
                        -0.389669,
                        51.414436
                    ],
                    [
                        -0.388691,
                        51.414444
                    ],
                    [
                        -0.387935,
                        51.414431
                    ],
                    [
                        -0.386636,
                        51.414349
                    ],
                    [
                        -0.3864,
                        51.414345
                    ],
                    [
                        -0.385587,
                        51.414345
                    ],
                    [
                        -0.385123,
                        51.414274
                    ],
                    [
                        -0.384189,
                        51.414065
                    ],
                    [
                        -0.383712,
                        51.413978
                    ],
                    [
                        -0.383043,
                        51.413898
                    ],
                    [
                        -0.382488,
                        51.413849
                    ],
                    [
                        -0.381541,
                        51.413787
                    ],
                    [
                        -0.381151,
                        51.413751
                    ],
                    [
                        -0.381012,
                        51.413739
                    ],
                    [
                        -0.379461,
                        51.413552
                    ],
                    [
                        -0.379068,
                        51.413526
                    ],
                    [
                        -0.378694,
                        51.413519
                    ],
                    [
                        -0.378121,
                        51.413541
                    ],
                    [
                        -0.377213,
                        51.413636
                    ],
                    [
                        -0.376109,
                        51.413807
                    ],
                    [
                        -0.375734,
                        51.413848
                    ],
                    [
                        -0.375188,
                        51.413888
                    ],
                    [
                        -0.374662,
                        51.413898
                    ],
                    [
                        -0.374044,
                        51.413847
                    ],
                    [
                        -0.373476,
                        51.413766
                    ],
                    [
                        -0.373024,
                        51.413739
                    ],
                    [
                        -0.372028,
                        51.413654
                    ],
                    [
                        -0.371099,
                        51.413539
                    ],
                    [
                        -0.370333,
                        51.413417
                    ],
                    [
                        -0.369545,
                        51.413304
                    ],
                    [
                        -0.369242,
                        51.413262
                    ],
                    [
                        -0.368593,
                        51.41317
                    ],
                    [
                        -0.368485,
                        51.413161
                    ],
                    [
                        -0.368353,
                        51.413148
                    ],
                    [
                        -0.368081,
                        51.413125
                    ],
                    [
                        -0.368054,
                        51.413123
                    ],
                    [
                        -0.367989,
                        51.413117
                    ],
                    [
                        -0.3675,
                        51.413093
                    ],
                    [
                        -0.366603,
                        51.413004
                    ],
                    [
                        -0.366081,
                        51.412985
                    ],
                    [
                        -0.36583,
                        51.412986
                    ],
                    [
                        -0.365549,
                        51.413014
                    ],
                    [
                        -0.365336,
                        51.413063
                    ],
                    [
                        -0.365067,
                        51.413126
                    ],
                    [
                        -0.364993,
                        51.413142
                    ],
                    [
                        -0.364827,
                        51.413177
                    ],
                    [
                        -0.364408,
                        51.413214
                    ],
                    [
                        -0.364308,
                        51.413223
                    ],
                    [
                        -0.363691,
                        51.413219
                    ],
                    [
                        -0.363396,
                        51.413174
                    ],
                    [
                        -0.363187,
                        51.413147
                    ],
                    [
                        -0.36307,
                        51.413131
                    ],
                    [
                        -0.362811,
                        51.413098
                    ],
                    [
                        -0.362704,
                        51.413083
                    ],
                    [
                        -0.362538,
                        51.413045
                    ],
                    [
                        -0.362326,
                        51.412968
                    ],
                    [
                        -0.362246,
                        51.412937
                    ],
                    [
                        -0.362135,
                        51.412899
                    ],
                    [
                        -0.361899,
                        51.41283
                    ],
                    [
                        -0.361426,
                        51.412745
                    ],
                    [
                        -0.3609,
                        51.412696
                    ],
                    [
                        -0.360201,
                        51.412667
                    ],
                    [
                        -0.359907,
                        51.412655
                    ],
                    [
                        -0.359588,
                        51.412623
                    ],
                    [
                        -0.358792,
                        51.412488
                    ],
                    [
                        -0.358133,
                        51.412347
                    ],
                    [
                        -0.357999,
                        51.412324
                    ],
                    [
                        -0.357478,
                        51.412155
                    ],
                    [
                        -0.356888,
                        51.411963
                    ],
                    [
                        -0.35497,
                        51.411318
                    ],
                    [
                        -0.354512,
                        51.411187
                    ],
                    [
                        -0.353617,
                        51.41093
                    ],
                    [
                        -0.353292,
                        51.410827
                    ],
                    [
                        -0.352571,
                        51.410598
                    ],
                    [
                        -0.351939,
                        51.410301
                    ],
                    [
                        -0.351062,
                        51.409881
                    ],
                    [
                        -0.350762,
                        51.409741
                    ],
                    [
                        -0.35033,
                        51.40954
                    ],
                    [
                        -0.347947,
                        51.408313
                    ],
                    [
                        -0.347652,
                        51.408182
                    ],
                    [
                        -0.346949,
                        51.407948
                    ],
                    [
                        -0.346791,
                        51.407894
                    ],
                    [
                        -0.346606,
                        51.407823
                    ],
                    [
                        -0.346374,
                        51.40772
                    ],
                    [
                        -0.346308,
                        51.407683
                    ],
                    [
                        -0.34615,
                        51.407605
                    ],
                    [
                        -0.345606,
                        51.407333
                    ],
                    [
                        -0.344475,
                        51.406716
                    ],
                    [
                        -0.34434,
                        51.406642
                    ],
                    [
                        -0.34399,
                        51.40645
                    ],
                    [
                        -0.343261,
                        51.40601
                    ],
                    [
                        -0.342553,
                        51.405578
                    ],
                    [
                        -0.342518,
                        51.405554
                    ],
                    [
                        -0.342233,
                        51.40536
                    ],
                    [
                        -0.342128,
                        51.40528
                    ],
                    [
                        -0.342016,
                        51.405265
                    ],
                    [
                        -0.341836,
                        51.405226
                    ],
                    [
                        -0.341712,
                        51.405225
                    ],
                    [
                        -0.341684,
                        51.405234
                    ],
                    [
                        -0.341561,
                        51.405239
                    ],
                    [
                        -0.341531,
                        51.405232
                    ],
                    [
                        -0.341502,
                        51.405221
                    ],
                    [
                        -0.341438,
                        51.405172
                    ],
                    [
                        -0.341427,
                        51.405152
                    ],
                    [
                        -0.341422,
                        51.40513
                    ],
                    [
                        -0.341445,
                        51.405066
                    ],
                    [
                        -0.341491,
                        51.405032
                    ],
                    [
                        -0.34152,
                        51.40502
                    ],
                    [
                        -0.341512,
                        51.404971
                    ],
                    [
                        -0.341513,
                        51.404927
                    ],
                    [
                        -0.341577,
                        51.404806
                    ],
                    [
                        -0.341642,
                        51.40471
                    ],
                    [
                        -0.34158,
                        51.40467
                    ],
                    [
                        -0.341444,
                        51.404583
                    ]
                ]
            }
        }
    ]
}