{
    "type": "FeatureCollection",
    "crs": {
        "type": "name",
        "properties": {
            "name": "urn:ogc:def:crs:OGC:1.3:CRS84"
        }
    },
    "features": [
        {
            "type": "Feature",
            "properties": {
                "name": "London Heathrow - Big Ben"
            },
            "geometry": {
                "type": "Polygon",
                "coordinates": [
                    [
                        -0.45418,
                        51.470012
                    ],
                    [
                        -0.454211,
                        51.470131
                    ],
                    [
                        -0.454384,
                        51.471098
                    ],
                    [
                        -0.454381,
                        51.471164
                    ],
                    [
                        -0.454327,
                        51.471349
                    ],
                    [
                        -0.454235,
                        51.471511
                    ],
                    [
                        -0.454055,
                        51.471728
                    ],
                    [
                        -0.453995,
                        51.471801
                    ],
                    [
                        -0.453784,
                        51.471964
                    ],
                    [
                        -0.453531,
                        51.472142
                    ],
                    [
                        -0.453393,
                        51.472268
                    ],
                    [
                        -0.453247,
                        51.472459
                    ],
                    [
                        -0.453203,
                        51.472547
                    ],
                    [
                        -0.453126,
                        51.472833
                    ],
                    [
                        -0.453096,
                        51.473142
                    ],
                    [
                        -0.453018,
                        51.474092
                    ],
                    [
                        -0.453048,
                        51.479588
                    ],
                    [
                        -0.45305,
                        51.479771
                    ],
                    [
                        -0.453062,
                        51.480131
                    ],
                    [
                        -0.453088,
                        51.480273
                    ],
                    [
                        -0.453224,
                        51.480429
                    ],
                    [
                        -0.453293,
                        51.480481
                    ],
                    [
                        -0.453412,
                        51.480612
                    ],
                    [
                        -0.453527,
                        51.480814
                    ],
                    [
                        -0.453566,
                        51.480992
                    ],
                    [
                        -0.453554,
                        51.481264
                    ],
                    [
                        -0.453509,
                        51.481688
                    ],
                    [
                        -0.453468,
                        51.481818
                    ],
                    [
                        -0.453407,
                        51.481882
                    ],
                    [
                        -0.453348,
                        51.481936
                    ],
                    [
                        -0.453268,
                        51.481994
                    ],
                    [
                        -0.453036,
                        51.482137
                    ],
                    [
                        -0.452985,
                        51.482187
                    ],
                    [
                        -0.452947,
                        51.482272
                    ],
                    [
                        -0.45292,
                        51.482379
                    ],
                    [
                        -0.452904,
                        51.482526
                    ],
                    [
                        -0.452717,
                        51.48456
                    ],
                    [
                        -0.452706,
                        51.484918
                    ],
                    [
                        -0.452736,
                        51.485594
                    ],
                    [
                        -0.452829,
                        51.486307
                    ],
                    [
                        -0.452929,
                        51.486801
                    ],
                    [
                        -0.4531,
                        51.4874
                    ],
                    [
                        -0.453566,
                        51.488738
                    ],
                    [
                        -0.453714,
                        51.489269
                    ],
                    [
                        -0.453813,
                        51.489788
                    ],
                    [
                        -0.45387,
                        51.49018
                    ],
                    [
                        -0.453906,
                        51.490679
                    ],
                    [
                        -0.453904,
                        51.491128
                    ],
                    [
                        -0.453849,
                        51.491854
                    ],
                    [
                        -0.453716,
                        51.493106
                    ],
                    [
                        -0.453699,
                        51.493249
                    ],
                    [
                        -0.453618,
                        51.49399
                    ],
                    [
                        -0.453609,
                        51.494079
                    ],
                    [
                        -0.453514,
                        51.494635
                    ],
                    [
                        -0.453521,
                        51.494752
                    ],
                    [
                        -0.453562,
                        51.494867
                    ],
                    [
                        -0.453708,
                        51.495034
                    ],
                    [
                        -0.453933,
                        51.495205
                    ],
                    [
                        -0.454428,
                        51.49532
                    ],
                    [
                        -0.454569,
                        51.495359
                    ],
                    [
                        -0.454716,
                        51.495384
                    ],
                    [
                        -0.454855,
                        51.4954
                    ],
                    [
                        -0.455013,
                        51.495416
                    ],
                    [
                        -0.455804,
                        51.495486
                    ],
                    [
                        -0.456745,
                        51.495557
                    ],
                    [
                        -0.457669,
                        51.495613
                    ],
                    [
                        -0.460512,
                        51.495732
                    ],
                    [
                        -0.461487,
                        51.495707
                    ],
                    [
                        -0.463005,
                        51.495608
                    ],
                    [
                        -0.464291,
                        51.495467
                    ],
                    [
                        -0.469739,
                        51.494793
                    ],
                    [
                        -0.471266,
                        51.494655
                    ],
                    [
                        -0.473867,
                        51.494469
                    ],
                    [
                        -0.475928,
                        51.494381
                    ],
                    [
                        -0.477438,
                        51.494347
                    ],
                    [
                        -0.47937,
                        51.494313
                    ],
                    [
                        -0.483182,
                        51.494246
                    ],
                    [
                        -0.483602,
                        51.494249
                    ],
                    [
                        -0.485582,
                        51.494306
                    ],
                    [
                        -0.486032,
                        51.49432
                    ],
                    [
                        -0.488637,
                        51.494444
                    ],
                    [
                        -0.492077,
                        51.494648
                    ],
                    [
                        -0.493884,
                        51.494728
                    ],
                    [
                        -0.494323,
                        51.494735
                    ],
                    [
                        -0.494937,
                        51.494747
                    ],
                    [
                        -0.49578,
                        51.494762
                    ],
                    [
                        -0.496654,
                        51.494755
                    ],
                    [
                        -0.498711,
                        51.494701
                    ],
                    [
                        -0.500743,
                        51.494587
                    ],
                    [
                        -0.501787,
                        51.49451
                    ],
                    [
                        -0.502844,
                        51.494412
                    ],
                    [
                        -0.504163,
                        51.49427
                    ],
                    [
                        -0.505086,
                        51.49415
                    ],
                    [
                        -0.505584,
                        51.494066
                    ],
                    [
                        -0.506933,
                        51.49386
                    ],
                    [
                        -0.509423,
                        51.493472
                    ],
                    [
                        -0.511024,
                        51.493257
                    ],
                    [
                        -0.512848,
                        51.493066
                    ],
                    [
                        -0.514555,
                        51.492954
                    ],
                    [
                        -0.517724,
                        51.492949
                    ],
                    [
                        -0.528922,
                        51.493153
                    ],
                    [
                        -0.531301,
                        51.493103
                    ],
                    [
                        -0.533097,
                        51.493014
                    ],
                    [
                        -0.534332,
                        51.492918
                    ],
                    [
                        -0.535787,
                        51.492779
                    ],
                    [
                        -0.536327,
                        51.492723
                    ],
                    [
                        -0.538879,
                        51.492383
                    ],
                    [
                        -0.539817,
                        51.492228
                    ],
                    [
                        -0.541117,
                        51.491988
                    ],
                    [
                        -0.541777,
                        51.491861
                    ],
                    [
                        -0.542892,
                        51.491625
                    ],
                    [
                        -0.543917,
                        51.49139
                    ],
                    [
                        -0.544515,
                        51.491246
                    ],
                    [
                        -0.54695,
                        51.49059
                    ],
                    [
                        -0.549,
                        51.490013
                    ],
                    [
                        -0.556829,
                        51.48783
                    ],
                    [
                        -0.559174,
                        51.48722
                    ],
                    [
                        -0.560477,
                        51.48691
                    ],
                    [
                        -0.562459,
                        51.486622
                    ],
                    [
                        -0.564081,
                        51.486482
                    ],
                    [
                        -0.565454,
                        51.486416
                    ],
                    [
                        -0.566184,
                        51.486419
                    ],
                    [
                        -0.568021,
                        51.486499
                    ],
                    [
                        -0.569386,
                        51.486616
                    ],
                    [
                        -0.571031,
                        51.486841
                    ],
                    [
                        -0.573606,
                        51.487411
                    ],
                    [
                        -0.575293,
                        51.487969
                    ],
                    [
                        -0.57661,
                        51.488475
                    ],
                    [
                        -0.578372,
                        51.489303
                    ],
                    [
                        -0.580025,
                        51.490301
                    ],
                    [
                        -0.581513,
                        51.491476
                    ],
                    [
                        -0.586355,
                        51.496439
                    ],
                    [
                        -0.587768,
                        51.497852
                    ],
                    [
                        -0.589399,
                        51.49917
                    ],
                    [
                        -0.590766,
                        51.500001
                    ],
                    [
                        -0.591538,
                        51.500364
                    ],
                    [
                        -0.592457,
                        51.500754
                    ],
                    [
                        -0.593409,
                        51.501096
                    ],
                    [
                        -0.594268,
                        51.501342
                    ],
                    [
                        -0.594998,
                        51.501526
                    ],
                    [
                        -0.59583,
                        51.501716
                    ],
                    [
                        -0.596628,
                        51.501855
                    ],
                    [
                        -0.597324,
                        51.501949
                    ],
                    [
                        -0.598413,
                        51.502047
                    ],
                    [
                        -0.599521,
                        51.502097
                    ],
                    [
                        -0.600117,
                        51.502099
                    ],
                    [
                        -0.601029,
                        51.502102
                    ],
                    [
                        -0.601203,
                        51.502103
                    ],
                    [
                        -0.605693,
                        51.502029
                    ],
                    [
                        -0.608165,
                        51.501996
                    ],
                    [
                        -0.608627,
                        51.501988
                    ],
                    [
                        -0.60913,
                        51.502002
                    ],
                    [
                        -0.609601,
                        51.50201
                    ],
                    [
                        -0.610656,
                        51.502003
                    ],
                    [
                        -0.612116,
                        51.50204
                    ],
                    [
                        -0.612853,
                        51.502092
                    ],
                    [
                        -0.613558,
                        51.502183
                    ],
                    [
                        -0.614247,
                        51.502313
                    ],
                    [
                        -0.615254,
                        51.502519
                    ],
                    [
                        -0.615702,
                        51.50256
                    ],
                    [
                        -0.61585,
                        51.502563
                    ],
                    [
                        -0.61607,
                        51.502457
                    ],
                    [
                        -0.616291,
                        51.502383
                    ],
                    [
                        -0.616498,
                        51.502272
                    ],
                    [
                        -0.616675,
                        51.50214
                    ],
                    [
                        -0.616769,
                        51.502042
                    ],
                    [
                        -0.616815,
                        51.501977
                    ],
                    [
                        -0.616924,
                        51.501756
                    ],
                    [
                        -0.617042,
                        51.501524
                    ],
                    [
                        -0.617217,
                        51.50119
                    ],
                    [
                        -0.617458,
                        51.500704
                    ],
                    [
                        -0.617633,
                        51.500351
                    ],
                    [
                        -0.617764,
                        51.500088
                    ],
                    [
                        -0.618057,
                        51.499498
                    ],
                    [
                        -0.618463,
                        51.498641
                    ],
                    [
                        -0.618944,
                        51.497744
                    ],
                    [
                        -0.61936,
                        51.496886
                    ],
                    [
                        -0.619787,
                        51.496002
                    ],
                    [
                        -0.620026,
                        51.495579
                    ],
                    [
                        -0.620631,
                        51.494316
                    ],
                    [
                        -0.620833,
                        51.493899
                    ],
                    [
                        -0.621305,
                        51.492916
                    ],
                    [
                        -0.622095,
                        51.489905
                    ],
                    [
                        -0.622219,
                        51.489392
                    ],
                    [
                        -0.622683,
                        51.487414
                    ],
                    [
                        -0.622972,
                        51.486175
                    ],
                    [
                        -0.622995,
                        51.486059
                    ],
                    [
                        -0.623338,
                        51.484397
                    ],
                    [
                        -0.623784,
                        51.482564
                    ],
                    [
                        -0.624122,
                        51.481295
                    ],
                    [
                        -0.624177,
                        51.481061
                    ],
                    [
                        -0.624234,
                        51.480699
                    ],
                    [
                        -0.624244,
                        51.48065
                    ],
                    [
                        -0.624239,
                        51.480495
                    ],
                    [
                        -0.624209,
                        51.480419
                    ],
                    [
                        -0.624106,
                        51.480291
                    ],
                    [
                        -0.623909,
                        51.480153
                    ],
                    [
                        -0.623691,
                        51.480093
                    ],
                    [
                        -0.623423,
                        51.480052
                    ],
                    [
                        -0.623141,
                        51.480063
                    ],
                    [
                        -0.622784,
                        51.480071
                    ],
                    [
                        -0.622452,
                        51.480115
                    ],
                    [
                        -0.620341,
                        51.480294
                    ],
                    [
                        -0.620205,
                        51.480301
                    ],
                    [
                        -0.619196,
                        51.480353
                    ],
                    [
                        -0.617079,
                        51.480401
                    ],
                    [
                        -0.616527,
                        51.480406
                    ],
                    [
                        -0.616271,
                        51.480386
                    ],
                    [
                        -0.615712,
                        51.480327
                    ],
                    [
                        -0.615213,
                        51.480274
                    ],
                    [
                        -0.614776,
                        51.480226
                    ],
                    [
                        -0.613777,
                        51.480102
                    ],
                    [
                        -0.61336,
                        51.48006
                    ],
                    [
                        -0.612629,
                        51.47999
                    ],
                    [
                        -0.612564,
                        51.479983
                    ],
                    [
                        -0.612207,
                        51.479949
                    ],
                    [
                        -0.612081,
                        51.479938
                    ],
                    [
                        -0.611922,
                        51.479925
                    ],
                    [
                        -0.611474,
                        51.479892
                    ],
                    [
                        -0.611358,
                        51.47989
                    ],
                    [
                        -0.611187,
                        51.479878
                    ],
                    [
                        -0.610385,
                        51.479844
                    ],
                    [
                        -0.609928,
                        51.479832
                    ],
                    [
                        -0.609894,
                        51.479839
                    ],
                    [
                        -0.609417,
                        51.479878
                    ],
                    [
                        -0.608736,
                        51.47996
                    ],
                    [
                        -0.608103,
                        51.480057
                    ],
                    [
                        -0.607828,
                        51.480105
                    ],
                    [
                        -0.607462,
                        51.4801
                    ],
                    [
                        -0.60696,
                        51.480052
                    ],
                    [
                        -0.606782,
                        51.48004
                    ],
                    [
                        -0.605978,
                        51.479975
                    ],
                    [
                        -0.605916,
                        51.4803
                    ],
                    [
                        -0.605852,
                        51.480678
                    ],
                    [
                        -0.60582,
                        51.480792
                    ],
                    [
                        -0.605755,
                        51.480883
                    ],
                    [
                        -0.605758,
                        51.480958
                    ],
                    [
                        -0.605849,
                        51.481018
                    ],
                    [
                        -0.606171,
                        51.481217
                    ],
                    [
                        -0.606349,
                        51.481359
                    ],
                    [
                        -0.606595,
                        51.481572
                    ],
                    [
                        -0.606726,
                        51.481687
                    ],
                    [
                        -0.607105,
                        51.482028
                    ],
                    [
                        -0.607577,
                        51.482531
                    ],
                    [
                        -0.607598,
                        51.482552
                    ],
                    [
                        -0.607499,
                        51.482581
                    ],
                    [
                        -0.60672,
                        51.482735
                    ],
                    [
                        -0.606483,
                        51.482785
                    ],
                    [
                        -0.606375,
                        51.482822
                    ],
                    [
                        -0.606192,
                        51.482866
                    ]
                ]
            }
        }
    ]
}