
      [
        {
         "id":"ALFKI", 
         "contactName":"Maria Anders",
         "companyName":"Alfreds Futterkiste",
         "city":"Berlin",
         "country":"Germany", 
         "designation":"Sales Representative",
         "postalCode":"12209", 
         "phoneNumber":"030-0074321"
        },
        {
          "id":"ANATR", 
          "contactName":"Ana Trujillo",
          "companyName":"Ana Trujillo Emparedados y helados", 
          "city":"México D.F.",
          "country":"Mexico", 
          "designation":"Owner",
          "postalCode":"05021", 
          "phoneNumber":"(5) 555-4729"
         },
         {
          "id":"ANTON", 
          "contactName":"Antonio Moreno",
          "companyName":"Antonio Moreno Taquería", 
          "city":"México D.F",
          "country":"Mexico", 
          "designation":"Owner",
          "postalCode":"05023", 
          "phoneNumber":"(5) 555-3932"
         },
         {
          "id":"AROUT", 
          "contactName":"Thomas Hardy",
          "companyName":"Around the Horn", 
          "city":"London", 
          "country":"UK",
          "designation":"Sales Representative", 
          "postalCode":"WA1 1DP",
          "phoneNumber":"(71) 555-7788"
         },
         {
          "id":"BERGS", 
          "contactName":"Christina Berglund",
          "companyName":"Berglunds snabbköp", 
          "city":"Luleå",
          "country":"Sweden", 
          "designation":"Order Administrator",
          "postalCode":"S-958 22", 
          "phoneNumber":"0921-12 34 65"
         },
         {
          "id":"BLAUS", 
          "contactName":"Hanna Moos",
          "companyName":"Blauer See Delikatessen", 
          "city":"Mannheim",
          "country":"Germany", 
          "designation":"Sales Representative",
          "postalCode":"68306", 
          "phoneNumber":"0621-08460"
         },
         {
          "id":"BLONP", 
          "contactName":"Frédérique Citeaux",
          "companyName":"Blondel père et fils",  
          "city":"Strasbourg",
          "country":"France", 
          "designation":"Marketing Manager",
          "postalCode":"67000", 
          "phoneNumber":"88.60.15.31"
         },
         {
          "id":"BOLID", 
          "contactName":"Martín Sommer",
          "companyName":"Bólido Comidas preparadas", 
          "city":"Madrid",
          "country":"Spain", 
          "designation":"Marketing Manager",
          "postalCode":"28023", 
          "phoneNumber":"(91) 555 22 82"
         },
         {
          "id":"BONAP", 
          "contactName":"Laurence Lebihan",
          "companyName":" Bon app'",  
          "city":"Marseille",
          "country":"France", 
          "designation":"Owner",
          "postalCode":"13008", 
          "phoneNumber":"91.24.45.40"
         },
         {
          "id":"BOTTM", 
          "contactName":"Elizabeth Lincoln",
          "companyName":"Bottom-Dollar Markets", 
          "city":"Tsawassen",
          "country":"Canada", 
          "designation":"Accounting Manager",
          "postalCode":"T2F 8M4", 
          "phoneNumber":"(604) 555-4729"
         },
         {
          "id":"BSBEV", 
          "contactName":"Victoria Ashworth",
          "companyName":"B's Beverages", 
          "city":"London",
          "country":"UK", 
          "designation":"Sales Representative",
          "postalCode":"EC2 5NT", 
          "phoneNumber":"(71) 555-1212"
         },
         {
          "id":"CACTU", 
          "contactName":"Patricio Simpson",
          "companyName":"Cactus Comidas para llevar", 
          "city":"Buenos Aires",
          "country":"Argentina", 
          "designation":"Sales Agent",
          "postalCode":"1010", 
          "phoneNumber":"(1) 135-5555"
         },
         {
          "id":"CENTC", 
          "contactName":"Francisco Chang",
          "companyName":"Centro comercial Moctezuma", 
          "city":"México D.F.",
          "country":"Mexico", 
          "designation":"Marketing Manager",
          "postalCode":"05022", 
          "phoneNumber":"0452-076545"
         },
         {
         
          "id":"CHOPS", 
          "contactName":"Yang Wang",
          "companyName":"Chop-suey Chinese", 
          "city":"Bern",
          "country":"Switzerland", 
          "designation":"Owner",
          "postalCode":"3012", 
          "phoneNumber":"(5) 555-3392"
         },
         {
         
          "id":"COMMI", 
          "contactName":"Pedro Afonso",
          "companyName":"Comércio Mineiro", 
          "city":"São Paulo",
          "country":"Brazil", 
          "designation":"Sales Associate",
          "postalCode":"05432-043", 
          "phoneNumber":"(11) 555-7647"
         },
         {
          "id":"CONSH", 
          "contactName":"Elizabeth Brown",
          "companyName":"Consolidated Holdings", 
          "city":"London",
          "country":"UK", 
          "designation":"Sales Representative",
          "postalCode":"WX1 6LT", 
          "phoneNumber":"7675-3425"
         },
         {
          "id":"DRACD", 
          "contactName":"Sven Ottlieb",
          "companyName":"Drachenblut Delikatessen", 
          "city":"Aachen",
          "country":"Germany", 
          "designation":"Order Administrator",
          "postalCode":"52066", 
          "phoneNumber":"(71) 555-2282"
         },
         {
          "id":"DUMON", 
          "contactName":"Janine Labrune",
          "companyName":"Du monde entier", 
          "city":"Nantes",
          "country":"France", 
          "designation":"Owner",
          "postalCode":"44000", 
          "phoneNumber":"0241-039123"
         },
         {
          "id":"EASTC", 
          "contactName":"Ann Devon",
          "companyName":"Eastern Connection", 
          "city":"London",
          "country":"UK", 
          "designation":"Sales Agent",
          "postalCode":"WX3 6FW", 
          "phoneNumber":"40.67.88.88"
         },
         {
          "id":"ERNSH", 
          "contactName":"Roland Mendel",
          "companyName":"Ernst Handel", 
          "city":"Graz",
          "country":"Austria", 
          "designation":"Sales Manager",
          "postalCode":"8010", 
          "phoneNumber":"(71) 555-0297"
         }
      ]

     